# Blender 5.1.2
# www.blender.org
mtllib Pin.mtl
o TomPin
v -0.000000 1.962207 -0.000000
v -0.000000 1.959546 -0.045458
v -0.000000 1.955680 -0.077366
v -0.000000 1.950252 -0.105117
v 0.000000 1.942902 -0.129354
v 0.000000 1.933270 -0.150717
v 0.000000 1.920997 -0.169846
v 0.000000 1.905724 -0.187384
v 0.000000 1.887092 -0.203971
v 0.000000 1.864742 -0.220248
v 0.000000 1.838314 -0.236857
v 0.000000 1.807450 -0.254437
v 0.000000 1.771789 -0.273630
v 0.000000 1.725056 -0.295095
v 0.000000 1.677715 -0.310848
v 0.000000 1.629983 -0.321555
v 0.000000 1.582074 -0.327881
v 0.000000 1.534204 -0.330495
v 0.000000 1.486587 -0.330062
v 0.000000 1.439440 -0.327248
v 0.000000 1.392977 -0.322720
v 0.000000 1.347414 -0.317145
v 0.000000 1.302966 -0.311189
v 0.000000 1.259847 -0.305518
v 0.000000 1.218274 -0.300799
v 0.000000 1.154059 -0.293791
v 0.000000 1.089758 -0.285733
v 0.000000 1.025391 -0.277075
v 0.000000 0.960979 -0.268264
v 0.000000 0.896542 -0.259750
v 0.000000 0.832100 -0.251980
v 0.000000 0.767674 -0.245403
v 0.000000 0.703283 -0.240468
v 0.000000 0.638947 -0.237622
v 0.000000 0.574688 -0.237315
v 0.000000 0.510525 -0.239994
v 0.000000 0.446478 -0.246108
v 0.000000 0.337767 -0.265699
v 0.000000 0.231277 -0.295573
v 0.000000 0.126551 -0.333532
v 0.000000 0.023133 -0.377379
v 0.000000 -0.079434 -0.424918
v 0.000000 -0.181604 -0.473950
v 0.000000 -0.283836 -0.522278
v 0.000000 -0.386584 -0.567706
v 0.000000 -0.490305 -0.608037
v 0.000000 -0.595455 -0.641072
v 0.000000 -0.702490 -0.664615
v 0.000000 -0.811867 -0.676469
v 0.000000 -0.913085 -0.677583
v 0.000000 -1.034912 -0.672521
v 0.000000 -1.172864 -0.661472
v 0.000000 -1.322456 -0.644621
v 0.000000 -1.479201 -0.622155
v 0.000000 -1.638616 -0.594259
v 0.000000 -1.796215 -0.561120
v 0.000000 -1.947513 -0.522924
v 0.000000 -2.088025 -0.479858
v 0.000000 -2.213265 -0.432107
v 0.000000 -2.318749 -0.379858
v 0.000000 -2.399993 -0.323298
v 0.000000 -2.411166 -0.308974
v 0.000000 -2.419988 -0.288408
v 0.000000 -2.426754 -0.262824
v 0.000000 -2.431763 -0.233445
v 0.000000 -2.435310 -0.201493
v 0.000000 -2.437691 -0.168193
v 0.000000 -2.439204 -0.134766
v -0.000000 -2.440145 -0.102435
v -0.000000 -2.440810 -0.072425
v -0.000000 -2.441497 -0.045957
v -0.000000 -2.442501 -0.024254
v -0.000000 -2.444119 0.000000
v 0.017396 1.959546 -0.041998
v 0.029607 1.955680 -0.071477
v 0.040227 1.950252 -0.097116
v 0.049502 1.942902 -0.119507
v 0.057677 1.933270 -0.139244
v 0.064997 1.920997 -0.156918
v 0.071709 1.905724 -0.173121
v 0.078056 1.887092 -0.188445
v 0.084285 1.864742 -0.203483
v 0.090641 1.838314 -0.218827
v 0.097369 1.807450 -0.235069
v 0.104714 1.771789 -0.252801
v 0.112928 1.725056 -0.272632
v 0.118956 1.677715 -0.287186
v 0.123054 1.629983 -0.297078
v 0.125475 1.582074 -0.302923
v 0.126475 1.534204 -0.305337
v 0.126309 1.486587 -0.304937
v 0.125232 1.439440 -0.302338
v 0.123500 1.392977 -0.298155
v 0.121366 1.347414 -0.293004
v 0.119087 1.302966 -0.287501
v 0.116917 1.259847 -0.282262
v 0.115111 1.218274 -0.277902
v 0.112429 1.154059 -0.271427
v 0.109345 1.089758 -0.263983
v 0.106032 1.025391 -0.255984
v 0.102660 0.960979 -0.247844
v 0.099402 0.896542 -0.239978
v 0.096429 0.832100 -0.232799
v 0.093912 0.767674 -0.226723
v 0.092023 0.703283 -0.222163
v 0.090934 0.638947 -0.219534
v 0.090816 0.574688 -0.219250
v 0.091842 0.510525 -0.221725
v 0.094181 0.446478 -0.227374
v 0.101679 0.337767 -0.245474
v 0.113111 0.231277 -0.273074
v 0.127637 0.126551 -0.308143
v 0.144417 0.023133 -0.348653
v 0.162609 -0.079434 -0.392573
v 0.181373 -0.181604 -0.437872
v 0.199867 -0.283836 -0.482522
v 0.217252 -0.386584 -0.524492
v 0.232686 -0.490305 -0.561753
v 0.245328 -0.595455 -0.592273
v 0.254337 -0.702490 -0.614025
v 0.258874 -0.811867 -0.624976
v 0.259300 -0.913085 -0.626005
v 0.257363 -1.034912 -0.621329
v 0.253135 -1.172864 -0.611121
v 0.246686 -1.322456 -0.595552
v 0.238088 -1.479201 -0.574796
v 0.227413 -1.638616 -0.549024
v 0.214731 -1.796215 -0.518407
v 0.200114 -1.947513 -0.483119
v 0.183634 -2.088025 -0.443331
v 0.165360 -2.213265 -0.399215
v 0.145366 -2.318749 -0.350943
v 0.123721 -2.399993 -0.298688
v 0.118239 -2.411166 -0.285454
v 0.110369 -2.419988 -0.266454
v 0.100578 -2.426754 -0.242818
v 0.089336 -2.431763 -0.215675
v 0.077108 -2.435310 -0.186156
v 0.064365 -2.437691 -0.155390
v 0.051573 -2.439204 -0.124507
v 0.039200 -2.440145 -0.094638
v 0.027716 -2.440810 -0.066912
v 0.017587 -2.441497 -0.042458
v 0.009282 -2.442501 -0.022408
v 0.032144 1.959546 -0.032144
v 0.054706 1.955680 -0.054706
v 0.074329 1.950252 -0.074329
v 0.091467 1.942902 -0.091467
v 0.106573 1.933270 -0.106573
v 0.120099 1.920997 -0.120100
v 0.132501 1.905724 -0.132501
v 0.144230 1.887092 -0.144230
v 0.155739 1.864742 -0.155739
v 0.167483 1.838314 -0.167483
v 0.179914 1.807450 -0.179914
v 0.193485 1.771789 -0.193485
v 0.208664 1.725056 -0.208664
v 0.219803 1.677715 -0.219803
v 0.227373 1.629983 -0.227373
v 0.231847 1.582074 -0.231847
v 0.233695 1.534204 -0.233695
v 0.233389 1.486587 -0.233389
v 0.231399 1.439440 -0.231399
v 0.228198 1.392977 -0.228198
v 0.224255 1.347414 -0.224255
v 0.220044 1.302966 -0.220044
v 0.216034 1.259847 -0.216034
v 0.212697 1.218274 -0.212697
v 0.207741 1.154059 -0.207741
v 0.202044 1.089758 -0.202044
v 0.195922 1.025391 -0.195922
v 0.189692 0.960979 -0.189692
v 0.183671 0.896542 -0.183671
v 0.178177 0.832100 -0.178177
v 0.173526 0.767674 -0.173526
v 0.170036 0.703283 -0.170036
v 0.168024 0.638947 -0.168024
v 0.167807 0.574688 -0.167807
v 0.169701 0.510525 -0.169701
v 0.174024 0.446478 -0.174024
v 0.187878 0.337767 -0.187878
v 0.209002 0.231277 -0.209002
v 0.235843 0.126551 -0.235843
v 0.266847 0.023133 -0.266847
v 0.300462 -0.079434 -0.300462
v 0.335133 -0.181604 -0.335133
v 0.369307 -0.283836 -0.369307
v 0.401429 -0.386584 -0.401429
v 0.429947 -0.490305 -0.429947
v 0.453306 -0.595455 -0.453306
v 0.469954 -0.702490 -0.469954
v 0.478336 -0.811867 -0.478336
v 0.479123 -0.913085 -0.479123
v 0.475545 -1.034912 -0.475544
v 0.467732 -1.172864 -0.467732
v 0.455816 -1.322456 -0.455816
v 0.439930 -1.479201 -0.439930
v 0.420204 -1.638616 -0.420204
v 0.396772 -1.796215 -0.396772
v 0.369763 -1.947513 -0.369763
v 0.339311 -2.088025 -0.339311
v 0.305546 -2.213265 -0.305546
v 0.268601 -2.318749 -0.268600
v 0.228606 -2.399993 -0.228606
v 0.218477 -2.411166 -0.218477
v 0.203935 -2.419988 -0.203935
v 0.185845 -2.426754 -0.185845
v 0.165071 -2.431763 -0.165070
v 0.142477 -2.435310 -0.142477
v 0.118930 -2.437691 -0.118930
v 0.095294 -2.439204 -0.095294
v 0.072433 -2.440145 -0.072433
v 0.051212 -2.440810 -0.051212
v 0.032496 -2.441497 -0.032496
v 0.017151 -2.442501 -0.017150
v 0.041998 1.959546 -0.017396
v 0.071476 1.955680 -0.029607
v 0.097115 1.950252 -0.040227
v 0.119507 1.942902 -0.049502
v 0.139244 1.933270 -0.057677
v 0.156918 1.920997 -0.064997
v 0.173120 1.905724 -0.071709
v 0.188445 1.887092 -0.078057
v 0.203483 1.864742 -0.084285
v 0.218827 1.838314 -0.090641
v 0.235069 1.807450 -0.097369
v 0.252801 1.771789 -0.104714
v 0.272632 1.725056 -0.112928
v 0.287186 1.677715 -0.118956
v 0.297078 1.629983 -0.123054
v 0.302923 1.582074 -0.125475
v 0.305337 1.534204 -0.126475
v 0.304937 1.486587 -0.126309
v 0.302338 1.439440 -0.125232
v 0.298155 1.392977 -0.123500
v 0.293004 1.347414 -0.121366
v 0.287501 1.302966 -0.119087
v 0.282262 1.259847 -0.116917
v 0.277902 1.218274 -0.115111
v 0.271427 1.154059 -0.112429
v 0.263983 1.089758 -0.109345
v 0.255984 1.025391 -0.106032
v 0.247844 0.960979 -0.102660
v 0.239978 0.896542 -0.099402
v 0.232799 0.832100 -0.096429
v 0.226723 0.767674 -0.093912
v 0.222163 0.703283 -0.092023
v 0.219534 0.638947 -0.090934
v 0.219250 0.574688 -0.090816
v 0.221725 0.510525 -0.091842
v 0.227374 0.446478 -0.094181
v 0.245474 0.337767 -0.101679
v 0.273074 0.231277 -0.113111
v 0.308143 0.126551 -0.127637
v 0.348653 0.023133 -0.144417
v 0.392573 -0.079434 -0.162609
v 0.437872 -0.181604 -0.181373
v 0.482522 -0.283836 -0.199867
v 0.524492 -0.386584 -0.217252
v 0.561753 -0.490305 -0.232686
v 0.592273 -0.595455 -0.245328
v 0.614025 -0.702490 -0.254337
v 0.624976 -0.811867 -0.258874
v 0.626005 -0.913085 -0.259300
v 0.621329 -1.034912 -0.257363
v 0.611121 -1.172864 -0.253134
v 0.595552 -1.322456 -0.246686
v 0.574796 -1.479201 -0.238088
v 0.549024 -1.638616 -0.227413
v 0.518407 -1.796215 -0.214731
v 0.483119 -1.947513 -0.200114
v 0.443331 -2.088025 -0.183634
v 0.399215 -2.213265 -0.165360
v 0.350944 -2.318749 -0.145365
v 0.298688 -2.399993 -0.123721
v 0.285454 -2.411166 -0.118239
v 0.266454 -2.419988 -0.110369
v 0.242818 -2.426754 -0.100578
v 0.215675 -2.431763 -0.089335
v 0.186156 -2.435310 -0.077108
v 0.155390 -2.437691 -0.064364
v 0.124507 -2.439204 -0.051573
v 0.094638 -2.440145 -0.039200
v 0.066912 -2.440810 -0.027716
v 0.042459 -2.441497 -0.017587
v 0.022408 -2.442501 -0.009282
v 0.045458 1.959546 -0.000000
v 0.077366 1.955680 -0.000000
v 0.105117 1.950252 -0.000000
v 0.129354 1.942902 -0.000000
v 0.150716 1.933270 -0.000000
v 0.169846 1.920997 -0.000000
v 0.187384 1.905724 -0.000000
v 0.203971 1.887092 -0.000000
v 0.220248 1.864742 -0.000000
v 0.236856 1.838314 -0.000000
v 0.254437 1.807450 -0.000000
v 0.273630 1.771789 -0.000000
v 0.295095 1.725056 -0.000000
v 0.310848 1.677715 -0.000000
v 0.321554 1.629983 -0.000000
v 0.327881 1.582074 -0.000000
v 0.330495 1.534204 -0.000000
v 0.330062 1.486587 -0.000000
v 0.327248 1.439440 -0.000000
v 0.322720 1.392977 -0.000000
v 0.317145 1.347414 -0.000000
v 0.311189 1.302966 -0.000000
v 0.305518 1.259847 -0.000000
v 0.300799 1.218274 -0.000000
v 0.293791 1.154059 -0.000000
v 0.285733 1.089758 -0.000000
v 0.277075 1.025391 -0.000000
v 0.268264 0.960979 -0.000000
v 0.259750 0.896542 -0.000000
v 0.251980 0.832100 -0.000000
v 0.245403 0.767674 -0.000000
v 0.240468 0.703283 -0.000000
v 0.237622 0.638947 -0.000000
v 0.237315 0.574688 -0.000000
v 0.239994 0.510525 -0.000000
v 0.246108 0.446478 -0.000000
v 0.265699 0.337767 -0.000000
v 0.295573 0.231277 -0.000000
v 0.333532 0.126551 0.000000
v 0.377379 0.023133 0.000000
v 0.424918 -0.079434 0.000000
v 0.473950 -0.181604 0.000000
v 0.522278 -0.283836 0.000000
v 0.567706 -0.386584 0.000000
v 0.608037 -0.490305 0.000000
v 0.641072 -0.595455 0.000000
v 0.664615 -0.702490 0.000000
v 0.676469 -0.811867 0.000000
v 0.677583 -0.913085 0.000000
v 0.672521 -1.034912 0.000000
v 0.661472 -1.172864 0.000000
v 0.644621 -1.322456 0.000000
v 0.622155 -1.479201 0.000000
v 0.594259 -1.638616 0.000000
v 0.561120 -1.796215 0.000000
v 0.522924 -1.947513 0.000000
v 0.479858 -2.088025 0.000000
v 0.432107 -2.213265 0.000000
v 0.379859 -2.318749 0.000000
v 0.323298 -2.399993 0.000000
v 0.308974 -2.411166 0.000000
v 0.288408 -2.419988 0.000000
v 0.262824 -2.426754 0.000000
v 0.233445 -2.431763 0.000000
v 0.201494 -2.435310 0.000000
v 0.168193 -2.437691 0.000000
v 0.134766 -2.439204 0.000000
v 0.102435 -2.440145 0.000000
v 0.072425 -2.440810 0.000000
v 0.045957 -2.441497 0.000000
v 0.024255 -2.442501 0.000000
v 0.041998 1.959546 0.017396
v 0.071476 1.955680 0.029606
v 0.097115 1.950252 0.040226
v 0.119507 1.942902 0.049501
v 0.139244 1.933270 0.057677
v 0.156918 1.920997 0.064997
v 0.173120 1.905724 0.071709
v 0.188445 1.887092 0.078056
v 0.203483 1.864742 0.084285
v 0.218827 1.838314 0.090641
v 0.235069 1.807450 0.097369
v 0.252801 1.771789 0.104713
v 0.272632 1.725056 0.112928
v 0.287186 1.677715 0.118956
v 0.297078 1.629983 0.123054
v 0.302923 1.582074 0.125475
v 0.305337 1.534204 0.126475
v 0.304937 1.486587 0.126309
v 0.302338 1.439440 0.125232
v 0.298155 1.392977 0.123500
v 0.293004 1.347414 0.121366
v 0.287501 1.302966 0.119087
v 0.282262 1.259847 0.116917
v 0.277902 1.218274 0.115111
v 0.271427 1.154059 0.112429
v 0.263983 1.089758 0.109345
v 0.255984 1.025391 0.106032
v 0.247844 0.960979 0.102660
v 0.239978 0.896542 0.099402
v 0.232799 0.832100 0.096429
v 0.226723 0.767674 0.093912
v 0.222163 0.703283 0.092023
v 0.219534 0.638947 0.090934
v 0.219250 0.574688 0.090816
v 0.221725 0.510525 0.091842
v 0.227374 0.446478 0.094181
v 0.245474 0.337767 0.101679
v 0.273074 0.231277 0.113111
v 0.308143 0.126551 0.127637
v 0.348653 0.023133 0.144417
v 0.392573 -0.079434 0.162609
v 0.437872 -0.181604 0.181373
v 0.482522 -0.283836 0.199867
v 0.524492 -0.386584 0.217252
v 0.561753 -0.490305 0.232686
v 0.592273 -0.595455 0.245328
v 0.614025 -0.702490 0.254337
v 0.624976 -0.811867 0.258874
v 0.626005 -0.913085 0.259300
v 0.621329 -1.034912 0.257363
v 0.611121 -1.172864 0.253135
v 0.595552 -1.322456 0.246686
v 0.574796 -1.479201 0.238088
v 0.549024 -1.638616 0.227413
v 0.518407 -1.796215 0.214731
v 0.483119 -1.947513 0.200115
v 0.443331 -2.088025 0.183634
v 0.399215 -2.213265 0.165360
v 0.350944 -2.318749 0.145366
v 0.298688 -2.399993 0.123721
v 0.285454 -2.411166 0.118239
v 0.266454 -2.419988 0.110369
v 0.242818 -2.426754 0.100579
v 0.215675 -2.431763 0.089336
v 0.186156 -2.435310 0.077108
v 0.155390 -2.437691 0.064365
v 0.124507 -2.439204 0.051573
v 0.094638 -2.440145 0.039200
v 0.066912 -2.440810 0.027716
v 0.042459 -2.441497 0.017587
v 0.022408 -2.442501 0.009282
v 0.032144 1.959546 0.032144
v 0.054706 1.955680 0.054706
v 0.074329 1.950252 0.074329
v 0.091467 1.942902 0.091467
v 0.106573 1.933270 0.106573
v 0.120099 1.920997 0.120099
v 0.132501 1.905724 0.132501
v 0.144230 1.887092 0.144229
v 0.155739 1.864742 0.155739
v 0.167483 1.838314 0.167483
v 0.179914 1.807450 0.179914
v 0.193485 1.771789 0.193485
v 0.208664 1.725056 0.208664
v 0.219803 1.677715 0.219803
v 0.227373 1.629983 0.227373
v 0.231847 1.582074 0.231847
v 0.233695 1.534204 0.233695
v 0.233389 1.486587 0.233389
v 0.231399 1.439440 0.231399
v 0.228198 1.392977 0.228198
v 0.224255 1.347414 0.224255
v 0.220044 1.302966 0.220044
v 0.216034 1.259847 0.216034
v 0.212697 1.218274 0.212697
v 0.207741 1.154059 0.207741
v 0.202044 1.089758 0.202044
v 0.195922 1.025391 0.195922
v 0.189692 0.960979 0.189692
v 0.183671 0.896542 0.183671
v 0.178177 0.832100 0.178177
v 0.173526 0.767674 0.173526
v 0.170036 0.703283 0.170036
v 0.168024 0.638947 0.168024
v 0.167807 0.574688 0.167807
v 0.169701 0.510525 0.169701
v 0.174024 0.446478 0.174024
v 0.187878 0.337767 0.187878
v 0.209002 0.231277 0.209002
v 0.235843 0.126551 0.235843
v 0.266847 0.023133 0.266847
v 0.300462 -0.079434 0.300462
v 0.335133 -0.181604 0.335133
v 0.369307 -0.283836 0.369307
v 0.401429 -0.386584 0.401429
v 0.429947 -0.490305 0.429947
v 0.453306 -0.595455 0.453307
v 0.469954 -0.702490 0.469954
v 0.478336 -0.811867 0.478336
v 0.479123 -0.913085 0.479123
v 0.475544 -1.034912 0.475545
v 0.467732 -1.172864 0.467732
v 0.455816 -1.322456 0.455816
v 0.439930 -1.479201 0.439930
v 0.420204 -1.638616 0.420205
v 0.396772 -1.796215 0.396772
v 0.369763 -1.947513 0.369763
v 0.339311 -2.088025 0.339311
v 0.305546 -2.213265 0.305546
v 0.268601 -2.318749 0.268601
v 0.228606 -2.399993 0.228606
v 0.218477 -2.411166 0.218478
v 0.203935 -2.419988 0.203935
v 0.185845 -2.426754 0.185845
v 0.165071 -2.431763 0.165071
v 0.142477 -2.435310 0.142478
v 0.118930 -2.437691 0.118930
v 0.095294 -2.439204 0.095294
v 0.072433 -2.440145 0.072433
v 0.051212 -2.440810 0.051212
v 0.032496 -2.441497 0.032496
v 0.017151 -2.442501 0.017151
v 0.017396 1.959546 0.041998
v 0.029607 1.955680 0.071476
v 0.040227 1.950252 0.097115
v 0.049501 1.942902 0.119507
v 0.057677 1.933270 0.139244
v 0.064997 1.920997 0.156917
v 0.071709 1.905724 0.173120
v 0.078056 1.887092 0.188445
v 0.084285 1.864742 0.203483
v 0.090641 1.838314 0.218827
v 0.097369 1.807450 0.235069
v 0.104713 1.771789 0.252801
v 0.112928 1.725056 0.272632
v 0.118956 1.677715 0.287186
v 0.123053 1.629983 0.297078
v 0.125475 1.582074 0.302923
v 0.126475 1.534204 0.305337
v 0.126309 1.486587 0.304937
v 0.125232 1.439440 0.302338
v 0.123500 1.392977 0.298155
v 0.121366 1.347414 0.293004
v 0.119087 1.302966 0.287501
v 0.116917 1.259847 0.282262
v 0.115111 1.218274 0.277902
v 0.112429 1.154059 0.271427
v 0.109345 1.089758 0.263983
v 0.106032 1.025391 0.255984
v 0.102660 0.960979 0.247844
v 0.099402 0.896542 0.239978
v 0.096429 0.832100 0.232799
v 0.093912 0.767674 0.226723
v 0.092023 0.703283 0.222163
v 0.090934 0.638947 0.219534
v 0.090816 0.574688 0.219250
v 0.091842 0.510525 0.221725
v 0.094181 0.446478 0.227374
v 0.101679 0.337767 0.245474
v 0.113111 0.231277 0.273074
v 0.127637 0.126551 0.308143
v 0.144417 0.023133 0.348653
v 0.162609 -0.079434 0.392573
v 0.181373 -0.181604 0.437872
v 0.199867 -0.283836 0.482522
v 0.217252 -0.386584 0.524492
v 0.232685 -0.490305 0.561753
v 0.245328 -0.595455 0.592273
v 0.254337 -0.702490 0.614025
v 0.258873 -0.811867 0.624976
v 0.259299 -0.913085 0.626005
v 0.257363 -1.034912 0.621329
v 0.253134 -1.172864 0.611121
v 0.246686 -1.322456 0.595553
v 0.238088 -1.479201 0.574796
v 0.227413 -1.638616 0.549024
v 0.214731 -1.796215 0.518407
v 0.200114 -1.947513 0.483119
v 0.183634 -2.088025 0.443331
v 0.165360 -2.213265 0.399215
v 0.145366 -2.318749 0.350944
v 0.123721 -2.399993 0.298689
v 0.118239 -2.411166 0.285455
v 0.110369 -2.419988 0.266454
v 0.100578 -2.426754 0.242818
v 0.089335 -2.431763 0.215675
v 0.077108 -2.435310 0.186156
v 0.064365 -2.437691 0.155390
v 0.051573 -2.439204 0.124507
v 0.039200 -2.440145 0.094638
v 0.027716 -2.440810 0.066912
v 0.017587 -2.441497 0.042459
v 0.009282 -2.442501 0.022408
v -0.000000 1.959546 0.045458
v -0.000000 1.955680 0.077365
v -0.000000 1.950252 0.105117
v -0.000000 1.942902 0.129354
v -0.000000 1.933270 0.150716
v -0.000000 1.920997 0.169846
v -0.000000 1.905724 0.187384
v -0.000000 1.887092 0.203971
v -0.000000 1.864742 0.220248
v -0.000000 1.838314 0.236856
v -0.000000 1.807450 0.254436
v -0.000000 1.771789 0.273630
v -0.000000 1.725056 0.295095
v -0.000000 1.677715 0.310848
v -0.000000 1.629983 0.321554
v -0.000000 1.582074 0.327881
v -0.000000 1.534204 0.330495
v -0.000000 1.486587 0.330061
v -0.000000 1.439440 0.327248
v -0.000000 1.392977 0.322720
v -0.000000 1.347414 0.317145
v -0.000000 1.302966 0.311189
v -0.000000 1.259847 0.305518
v -0.000000 1.218274 0.300799
v -0.000000 1.154059 0.293791
v -0.000000 1.089758 0.285733
v -0.000000 1.025391 0.277075
v -0.000000 0.960979 0.268264
v -0.000000 0.896542 0.259750
v -0.000000 0.832100 0.251980
v -0.000000 0.767674 0.245403
v -0.000000 0.703283 0.240468
v -0.000000 0.638947 0.237622
v -0.000000 0.574688 0.237315
v -0.000000 0.510525 0.239994
v -0.000000 0.446478 0.246108
v -0.000000 0.337767 0.265699
v -0.000000 0.231277 0.295573
v -0.000000 0.126551 0.333532
v -0.000000 0.023133 0.377379
v -0.000000 -0.079434 0.424918
v -0.000000 -0.181604 0.473950
v -0.000000 -0.283836 0.522278
v -0.000000 -0.386584 0.567706
v -0.000000 -0.490305 0.608037
v -0.000000 -0.595455 0.641072
v -0.000000 -0.702490 0.664615
v -0.000000 -0.811867 0.676469
v -0.000000 -0.913085 0.677583
v -0.000000 -1.034912 0.672522
v -0.000000 -1.172864 0.661472
v -0.000000 -1.322456 0.644621
v -0.000000 -1.479201 0.622155
v -0.000000 -1.638616 0.594259
v -0.000000 -1.796215 0.561120
v -0.000000 -1.947513 0.522924
v -0.000000 -2.088025 0.479858
v -0.000000 -2.213265 0.432107
v -0.000000 -2.318749 0.379859
v -0.000000 -2.399993 0.323298
v -0.000000 -2.411166 0.308974
v -0.000000 -2.419988 0.288408
v -0.000000 -2.426754 0.262824
v -0.000000 -2.431763 0.233445
v -0.000000 -2.435310 0.201494
v -0.000000 -2.437691 0.168193
v -0.000000 -2.439204 0.134766
v -0.000000 -2.440145 0.102435
v -0.000000 -2.440810 0.072425
v -0.000000 -2.441497 0.045957
v -0.000000 -2.442501 0.024255
v -0.017396 1.959546 0.041998
v -0.029607 1.955680 0.071476
v -0.040227 1.950252 0.097115
v -0.049502 1.942902 0.119507
v -0.057677 1.933270 0.139244
v -0.064997 1.920997 0.156917
v -0.071709 1.905724 0.173120
v -0.078056 1.887092 0.188445
v -0.084285 1.864742 0.203483
v -0.090641 1.838314 0.218827
v -0.097369 1.807450 0.235069
v -0.104714 1.771789 0.252801
v -0.112928 1.725056 0.272632
v -0.118956 1.677715 0.287186
v -0.123054 1.629983 0.297077
v -0.125475 1.582074 0.302923
v -0.126475 1.534204 0.305337
v -0.126309 1.486587 0.304937
v -0.125232 1.439440 0.302337
v -0.123500 1.392977 0.298155
v -0.121366 1.347414 0.293004
v -0.119087 1.302966 0.287501
v -0.116917 1.259847 0.282262
v -0.115111 1.218274 0.277902
v -0.112429 1.154059 0.271427
v -0.109345 1.089758 0.263983
v -0.106032 1.025391 0.255984
v -0.102660 0.960979 0.247844
v -0.099402 0.896542 0.239978
v -0.096429 0.832100 0.232799
v -0.093912 0.767674 0.226723
v -0.092023 0.703283 0.222163
v -0.090934 0.638947 0.219534
v -0.090816 0.574688 0.219250
v -0.091842 0.510525 0.221725
v -0.094181 0.446478 0.227374
v -0.101679 0.337767 0.245474
v -0.113111 0.231277 0.273074
v -0.127637 0.126551 0.308143
v -0.144417 0.023133 0.348653
v -0.162609 -0.079434 0.392573
v -0.181373 -0.181604 0.437872
v -0.199867 -0.283836 0.482522
v -0.217252 -0.386584 0.524492
v -0.232686 -0.490305 0.561753
v -0.245328 -0.595455 0.592273
v -0.254337 -0.702490 0.614025
v -0.258874 -0.811867 0.624976
v -0.259300 -0.913085 0.626005
v -0.257363 -1.034912 0.621329
v -0.253135 -1.172864 0.611121
v -0.246686 -1.322456 0.595553
v -0.238088 -1.479201 0.574796
v -0.227413 -1.638616 0.549024
v -0.214731 -1.796215 0.518407
v -0.200114 -1.947513 0.483119
v -0.183634 -2.088025 0.443331
v -0.165360 -2.213265 0.399215
v -0.145366 -2.318749 0.350944
v -0.123721 -2.399993 0.298689
v -0.118239 -2.411166 0.285455
v -0.110369 -2.419988 0.266454
v -0.100578 -2.426754 0.242818
v -0.089336 -2.431763 0.215675
v -0.077108 -2.435310 0.186156
v -0.064365 -2.437691 0.155390
v -0.051573 -2.439204 0.124507
v -0.039200 -2.440145 0.094638
v -0.027716 -2.440810 0.066912
v -0.017587 -2.441497 0.042459
v -0.009282 -2.442501 0.022408
v -0.032144 1.959546 0.032144
v -0.054706 1.955680 0.054706
v -0.074329 1.950252 0.074329
v -0.091467 1.942902 0.091467
v -0.106573 1.933270 0.106572
v -0.120100 1.920997 0.120099
v -0.132501 1.905724 0.132501
v -0.144230 1.887092 0.144229
v -0.155739 1.864742 0.155739
v -0.167483 1.838314 0.167483
v -0.179914 1.807450 0.179914
v -0.193485 1.771789 0.193485
v -0.208664 1.725056 0.208664
v -0.219803 1.677715 0.219802
v -0.227373 1.629983 0.227373
v -0.231847 1.582074 0.231847
v -0.233695 1.534204 0.233695
v -0.233389 1.486587 0.233389
v -0.231399 1.439440 0.231399
v -0.228198 1.392977 0.228198
v -0.224255 1.347414 0.224255
v -0.220044 1.302966 0.220044
v -0.216034 1.259847 0.216034
v -0.212697 1.218274 0.212697
v -0.207741 1.154059 0.207741
v -0.202044 1.089758 0.202044
v -0.195922 1.025391 0.195921
v -0.189692 0.960979 0.189691
v -0.183671 0.896542 0.183671
v -0.178177 0.832100 0.178177
v -0.173526 0.767674 0.173526
v -0.170036 0.703283 0.170036
v -0.168024 0.638947 0.168024
v -0.167807 0.574688 0.167807
v -0.169701 0.510525 0.169701
v -0.174024 0.446478 0.174024
v -0.187878 0.337767 0.187877
v -0.209002 0.231277 0.209001
v -0.235843 0.126551 0.235843
v -0.266848 0.023133 0.266847
v -0.300462 -0.079434 0.300462
v -0.335133 -0.181604 0.335133
v -0.369307 -0.283836 0.369306
v -0.401429 -0.386584 0.401429
v -0.429947 -0.490305 0.429947
v -0.453307 -0.595455 0.453306
v -0.469954 -0.702490 0.469954
v -0.478336 -0.811867 0.478336
v -0.479123 -0.913085 0.479123
v -0.475545 -1.034912 0.475544
v -0.467732 -1.172864 0.467731
v -0.455816 -1.322456 0.455816
v -0.439930 -1.479201 0.439930
v -0.420205 -1.638616 0.420204
v -0.396772 -1.796215 0.396772
v -0.369763 -1.947513 0.369763
v -0.339311 -2.088025 0.339311
v -0.305546 -2.213265 0.305546
v -0.268601 -2.318749 0.268601
v -0.228606 -2.399993 0.228606
v -0.218477 -2.411166 0.218477
v -0.203935 -2.419988 0.203935
v -0.185845 -2.426754 0.185845
v -0.165071 -2.431763 0.165071
v -0.142477 -2.435310 0.142478
v -0.118930 -2.437691 0.118930
v -0.095294 -2.439204 0.095294
v -0.072433 -2.440145 0.072433
v -0.051212 -2.440810 0.051212
v -0.032496 -2.441497 0.032496
v -0.017151 -2.442501 0.017151
v -0.041998 1.959546 0.017396
v -0.071476 1.955680 0.029606
v -0.097115 1.950252 0.040226
v -0.119507 1.942902 0.049501
v -0.139244 1.933270 0.057677
v -0.156918 1.920997 0.064997
v -0.173121 1.905724 0.071709
v -0.188445 1.887092 0.078056
v -0.203483 1.864742 0.084285
v -0.218827 1.838314 0.090641
v -0.235069 1.807450 0.097368
v -0.252801 1.771789 0.104713
v -0.272632 1.725056 0.112928
v -0.287186 1.677715 0.118956
v -0.297078 1.629983 0.123053
v -0.302923 1.582074 0.125475
v -0.305337 1.534204 0.126475
v -0.304937 1.486587 0.126309
v -0.302338 1.439440 0.125232
v -0.298155 1.392977 0.123499
v -0.293004 1.347414 0.121366
v -0.287501 1.302966 0.119087
v -0.282262 1.259847 0.116917
v -0.277902 1.218274 0.115111
v -0.271427 1.154059 0.112429
v -0.263983 1.089758 0.109345
v -0.255984 1.025391 0.106032
v -0.247844 0.960979 0.102660
v -0.239978 0.896542 0.099402
v -0.232799 0.832100 0.096429
v -0.226723 0.767674 0.093912
v -0.222163 0.703283 0.092023
v -0.219534 0.638947 0.090934
v -0.219250 0.574688 0.090816
v -0.221725 0.510525 0.091841
v -0.227374 0.446478 0.094181
v -0.245474 0.337767 0.101678
v -0.273074 0.231277 0.113111
v -0.308143 0.126551 0.127637
v -0.348653 0.023133 0.144417
v -0.392573 -0.079434 0.162609
v -0.437872 -0.181604 0.181373
v -0.482522 -0.283836 0.199867
v -0.524492 -0.386584 0.217252
v -0.561753 -0.490305 0.232685
v -0.592274 -0.595455 0.245327
v -0.614025 -0.702490 0.254337
v -0.624976 -0.811867 0.258873
v -0.626005 -0.913085 0.259299
v -0.621329 -1.034912 0.257363
v -0.611121 -1.172864 0.253134
v -0.595553 -1.322456 0.246686
v -0.574796 -1.479201 0.238088
v -0.549024 -1.638616 0.227413
v -0.518407 -1.796215 0.214731
v -0.483119 -1.947513 0.200114
v -0.443331 -2.088025 0.183634
v -0.399215 -2.213265 0.165360
v -0.350944 -2.318749 0.145366
v -0.298689 -2.399993 0.123721
v -0.285455 -2.411166 0.118239
v -0.266454 -2.419988 0.110369
v -0.242818 -2.426754 0.100578
v -0.215675 -2.431763 0.089336
v -0.186156 -2.435310 0.077108
v -0.155390 -2.437691 0.064365
v -0.124507 -2.439204 0.051573
v -0.094638 -2.440145 0.039200
v -0.066912 -2.440810 0.027716
v -0.042459 -2.441497 0.017587
v -0.022408 -2.442501 0.009282
v -0.045458 1.959546 -0.000000
v -0.077366 1.955680 -0.000000
v -0.105117 1.950252 -0.000000
v -0.129354 1.942902 -0.000000
v -0.150716 1.933270 -0.000000
v -0.169846 1.920997 -0.000000
v -0.187384 1.905724 -0.000000
v -0.203971 1.887092 -0.000000
v -0.220248 1.864742 -0.000000
v -0.236856 1.838314 -0.000000
v -0.254437 1.807450 -0.000000
v -0.273630 1.771789 -0.000000
v -0.295095 1.725056 -0.000000
v -0.310848 1.677715 -0.000000
v -0.321554 1.629983 -0.000000
v -0.327881 1.582074 -0.000000
v -0.330495 1.534204 -0.000000
v -0.330062 1.486587 -0.000000
v -0.327248 1.439440 -0.000000
v -0.322720 1.392977 -0.000000
v -0.317145 1.347414 -0.000000
v -0.311189 1.302966 -0.000000
v -0.305518 1.259847 -0.000000
v -0.300799 1.218274 -0.000000
v -0.293791 1.154059 -0.000000
v -0.285733 1.089758 -0.000000
v -0.277075 1.025391 -0.000000
v -0.268264 0.960979 -0.000000
v -0.259750 0.896542 -0.000000
v -0.251980 0.832100 -0.000000
v -0.245403 0.767674 -0.000000
v -0.240468 0.703283 -0.000000
v -0.237622 0.638947 -0.000000
v -0.237315 0.574688 -0.000000
v -0.239994 0.510525 -0.000000
v -0.246108 0.446478 -0.000000
v -0.265699 0.337767 -0.000000
v -0.295573 0.231277 -0.000000
v -0.333532 0.126551 -0.000000
v -0.377379 0.023133 -0.000000
v -0.424918 -0.079434 -0.000000
v -0.473950 -0.181604 -0.000000
v -0.522278 -0.283836 -0.000000
v -0.567706 -0.386584 -0.000000
v -0.608037 -0.490305 -0.000000
v -0.641072 -0.595455 -0.000000
v -0.664615 -0.702490 -0.000000
v -0.676469 -0.811867 -0.000000
v -0.677583 -0.913085 -0.000000
v -0.672521 -1.034912 -0.000000
v -0.661472 -1.172864 -0.000000
v -0.644621 -1.322456 0.000000
v -0.622155 -1.479201 0.000000
v -0.594259 -1.638616 0.000000
v -0.561120 -1.796215 0.000000
v -0.522924 -1.947513 0.000000
v -0.479858 -2.088025 0.000000
v -0.432107 -2.213265 0.000000
v -0.379859 -2.318749 0.000000
v -0.323298 -2.399993 0.000000
v -0.308974 -2.411166 0.000000
v -0.288408 -2.419988 0.000000
v -0.262824 -2.426754 0.000000
v -0.233445 -2.431763 0.000000
v -0.201494 -2.435310 0.000000
v -0.168193 -2.437691 0.000000
v -0.134766 -2.439204 0.000000
v -0.102435 -2.440145 0.000000
v -0.072425 -2.440810 0.000000
v -0.045957 -2.441497 0.000000
v -0.024255 -2.442501 0.000000
v -0.041998 1.959546 -0.017396
v -0.071476 1.955680 -0.029607
v -0.097115 1.950252 -0.040227
v -0.119507 1.942902 -0.049502
v -0.139244 1.933270 -0.057677
v -0.156918 1.920997 -0.064998
v -0.173120 1.905724 -0.071709
v -0.188445 1.887092 -0.078057
v -0.203483 1.864742 -0.084286
v -0.218827 1.838314 -0.090641
v -0.235069 1.807450 -0.097369
v -0.252801 1.771789 -0.104714
v -0.272632 1.725056 -0.112928
v -0.287186 1.677715 -0.118956
v -0.297078 1.629983 -0.123054
v -0.302923 1.582074 -0.125475
v -0.305337 1.534204 -0.126475
v -0.304937 1.486587 -0.126309
v -0.302338 1.439440 -0.125232
v -0.298155 1.392977 -0.123500
v -0.293004 1.347414 -0.121366
v -0.287501 1.302966 -0.119087
v -0.282262 1.259847 -0.116917
v -0.277902 1.218274 -0.115111
v -0.271427 1.154059 -0.112429
v -0.263983 1.089758 -0.109345
v -0.255984 1.025391 -0.106032
v -0.247844 0.960979 -0.102660
v -0.239978 0.896542 -0.099402
v -0.232799 0.832100 -0.096429
v -0.226723 0.767674 -0.093912
v -0.222163 0.703283 -0.092023
v -0.219534 0.638947 -0.090934
v -0.219250 0.574688 -0.090816
v -0.221725 0.510525 -0.091842
v -0.227374 0.446478 -0.094181
v -0.245474 0.337767 -0.101679
v -0.273074 0.231277 -0.113111
v -0.308143 0.126551 -0.127637
v -0.348653 0.023133 -0.144417
v -0.392573 -0.079434 -0.162609
v -0.437872 -0.181604 -0.181373
v -0.482522 -0.283836 -0.199867
v -0.524492 -0.386584 -0.217252
v -0.561753 -0.490305 -0.232686
v -0.592273 -0.595455 -0.245328
v -0.614025 -0.702490 -0.254337
v -0.624976 -0.811867 -0.258874
v -0.626005 -0.913085 -0.259300
v -0.621329 -1.034912 -0.257363
v -0.611121 -1.172864 -0.253135
v -0.595552 -1.322456 -0.246686
v -0.574796 -1.479201 -0.238088
v -0.549024 -1.638616 -0.227413
v -0.518407 -1.796215 -0.214731
v -0.483119 -1.947513 -0.200114
v -0.443331 -2.088025 -0.183634
v -0.399215 -2.213265 -0.165360
v -0.350944 -2.318749 -0.145366
v -0.298688 -2.399993 -0.123721
v -0.285454 -2.411166 -0.118239
v -0.266454 -2.419988 -0.110369
v -0.242818 -2.426754 -0.100578
v -0.215675 -2.431763 -0.089335
v -0.186156 -2.435310 -0.077108
v -0.155390 -2.437691 -0.064365
v -0.124507 -2.439204 -0.051573
v -0.094638 -2.440145 -0.039200
v -0.066912 -2.440810 -0.027716
v -0.042459 -2.441497 -0.017587
v -0.022408 -2.442501 -0.009282
v -0.032144 1.959546 -0.032144
v -0.054706 1.955680 -0.054706
v -0.074329 1.950252 -0.074329
v -0.091467 1.942902 -0.091467
v -0.106573 1.933270 -0.106573
v -0.120099 1.920997 -0.120100
v -0.132501 1.905724 -0.132501
v -0.144229 1.887092 -0.144230
v -0.155739 1.864742 -0.155739
v -0.167483 1.838314 -0.167483
v -0.179914 1.807450 -0.179914
v -0.193485 1.771789 -0.193486
v -0.208664 1.725056 -0.208664
v -0.219803 1.677715 -0.219803
v -0.227373 1.629983 -0.227373
v -0.231847 1.582074 -0.231847
v -0.233695 1.534204 -0.233695
v -0.233389 1.486587 -0.233389
v -0.231399 1.439440 -0.231399
v -0.228198 1.392977 -0.228198
v -0.224255 1.347414 -0.224256
v -0.220044 1.302966 -0.220044
v -0.216034 1.259847 -0.216034
v -0.212697 1.218274 -0.212697
v -0.207741 1.154059 -0.207742
v -0.202044 1.089758 -0.202044
v -0.195921 1.025391 -0.195922
v -0.189691 0.960979 -0.189692
v -0.183671 0.896542 -0.183671
v -0.178177 0.832100 -0.178177
v -0.173526 0.767674 -0.173526
v -0.170036 0.703283 -0.170037
v -0.168024 0.638947 -0.168024
v -0.167807 0.574688 -0.167807
v -0.169701 0.510525 -0.169701
v -0.174024 0.446478 -0.174024
v -0.187877 0.337767 -0.187878
v -0.209001 0.231277 -0.209002
v -0.235843 0.126551 -0.235843
v -0.266847 0.023133 -0.266848
v -0.300462 -0.079434 -0.300462
v -0.335133 -0.181604 -0.335133
v -0.369306 -0.283836 -0.369307
v -0.401429 -0.386584 -0.401429
v -0.429947 -0.490305 -0.429947
v -0.453306 -0.595455 -0.453307
v -0.469954 -0.702490 -0.469954
v -0.478336 -0.811867 -0.478336
v -0.479123 -0.913085 -0.479123
v -0.475544 -1.034912 -0.475545
v -0.467731 -1.172864 -0.467732
v -0.455816 -1.322456 -0.455816
v -0.439930 -1.479201 -0.439930
v -0.420204 -1.638616 -0.420205
v -0.396772 -1.796215 -0.396772
v -0.369763 -1.947513 -0.369763
v -0.339311 -2.088025 -0.339311
v -0.305546 -2.213265 -0.305546
v -0.268600 -2.318749 -0.268601
v -0.228606 -2.399993 -0.228606
v -0.218477 -2.411166 -0.218477
v -0.203935 -2.419988 -0.203935
v -0.185845 -2.426754 -0.185845
v -0.165070 -2.431763 -0.165071
v -0.142477 -2.435310 -0.142477
v -0.118930 -2.437691 -0.118930
v -0.095294 -2.439204 -0.095294
v -0.072433 -2.440145 -0.072433
v -0.051212 -2.440810 -0.051212
v -0.032496 -2.441497 -0.032496
v -0.017151 -2.442501 -0.017150
v -0.017396 1.959546 -0.041998
v -0.029607 1.955680 -0.071477
v -0.040227 1.950252 -0.097116
v -0.049502 1.942902 -0.119507
v -0.057677 1.933270 -0.139244
v -0.064997 1.920997 -0.156918
v -0.071709 1.905724 -0.173121
v -0.078056 1.887092 -0.188445
v -0.084285 1.864742 -0.203483
v -0.090641 1.838314 -0.218827
v -0.097369 1.807450 -0.235069
v -0.104714 1.771789 -0.252801
v -0.112928 1.725056 -0.272632
v -0.118956 1.677715 -0.287186
v -0.123054 1.629983 -0.297078
v -0.125475 1.582074 -0.302923
v -0.126475 1.534204 -0.305337
v -0.126309 1.486587 -0.304937
v -0.125232 1.439440 -0.302338
v -0.123500 1.392977 -0.298155
v -0.121366 1.347414 -0.293004
v -0.119087 1.302966 -0.287501
v -0.116917 1.259847 -0.282262
v -0.115111 1.218274 -0.277902
v -0.112429 1.154059 -0.271427
v -0.109345 1.089758 -0.263983
v -0.106032 1.025391 -0.255984
v -0.102660 0.960979 -0.247844
v -0.099402 0.896542 -0.239978
v -0.096429 0.832100 -0.232799
v -0.093912 0.767674 -0.226723
v -0.092023 0.703283 -0.222163
v -0.090934 0.638947 -0.219534
v -0.090816 0.574688 -0.219250
v -0.091842 0.510525 -0.221725
v -0.094181 0.446478 -0.227374
v -0.101679 0.337767 -0.245474
v -0.113111 0.231277 -0.273074
v -0.127637 0.126551 -0.308143
v -0.144417 0.023133 -0.348653
v -0.162609 -0.079434 -0.392573
v -0.181373 -0.181604 -0.437872
v -0.199867 -0.283836 -0.482522
v -0.217252 -0.386584 -0.524492
v -0.232686 -0.490305 -0.561753
v -0.245328 -0.595455 -0.592273
v -0.254337 -0.702490 -0.614025
v -0.258874 -0.811867 -0.624976
v -0.259300 -0.913085 -0.626005
v -0.257363 -1.034912 -0.621329
v -0.253134 -1.172864 -0.611121
v -0.246686 -1.322456 -0.595552
v -0.238088 -1.479201 -0.574796
v -0.227413 -1.638616 -0.549024
v -0.214731 -1.796215 -0.518407
v -0.200114 -1.947513 -0.483119
v -0.183634 -2.088025 -0.443331
v -0.165360 -2.213265 -0.399215
v -0.145366 -2.318749 -0.350944
v -0.123721 -2.399993 -0.298688
v -0.118239 -2.411166 -0.285454
v -0.110369 -2.419988 -0.266454
v -0.100578 -2.426754 -0.242818
v -0.089336 -2.431763 -0.215675
v -0.077108 -2.435310 -0.186156
v -0.064365 -2.437691 -0.155390
v -0.051573 -2.439204 -0.124507
v -0.039200 -2.440145 -0.094638
v -0.027716 -2.440810 -0.066912
v -0.017587 -2.441497 -0.042458
v -0.009282 -2.442501 -0.022408
vn -0.0000 1.0000 -0.0000
vn -0.0000 0.9956 -0.0932
vn -0.0000 0.9870 -0.1606
vn -0.0000 0.9689 -0.2473
vn -0.0000 0.9336 -0.3584
vn -0.0000 0.8752 -0.4838
vn -0.0000 0.7957 -0.6057
vn -0.0000 0.7070 -0.7072
vn -0.0000 0.6246 -0.7809
vn -0.0000 0.5588 -0.8293
vn -0.0000 0.5124 -0.8587
vn -0.0000 0.4838 -0.8752
vn -0.0000 0.4443 -0.8959
vn -0.0000 0.3648 -0.9311
vn -0.0000 0.2660 -0.9640
vn -0.0000 0.1741 -0.9847
vn -0.0000 0.0924 -0.9957
vn -0.0000 0.0226 -0.9997
vn -0.0000 -0.0342 -0.9994
vn -0.0000 -0.0781 -0.9969
vn -0.0000 -0.1091 -0.9940
vn -0.0000 -0.1270 -0.9919
vn -0.0000 -0.1316 -0.9913
vn -0.0000 -0.1217 -0.9926
vn -0.0000 -0.1107 -0.9939
vn -0.0000 -0.1163 -0.9932
vn -0.0000 -0.1288 -0.9917
vn -0.0000 -0.1344 -0.9909
vn -0.0000 -0.1333 -0.9911
vn -0.0000 -0.1254 -0.9921
vn -0.0000 -0.1108 -0.9938
vn -0.0000 -0.0891 -0.9960
vn -0.0000 -0.0604 -0.9982
vn -0.0000 -0.0246 -0.9997
vn -0.0000 0.0185 -0.9998
vn -0.0000 0.0686 -0.9976
vn -0.0000 0.1370 -0.9906
vn -0.0000 0.2253 -0.9743
vn -0.0000 0.3070 -0.9517
vn -0.0000 0.3668 -0.9303
vn -0.0000 0.4062 -0.9138
vn -0.0000 0.4269 -0.9043
vn -0.0000 0.4299 -0.9029
vn -0.0000 0.4153 -0.9097
vn -0.0000 0.3825 -0.9240
vn -0.0000 0.3300 -0.9440
vn -0.0000 0.2562 -0.9666
vn -0.0000 0.1605 -0.9870
vn -0.0000 0.0591 -0.9983
vn -0.0000 -0.0152 -0.9999
vn -0.0000 -0.0605 -0.9982
vn -0.0000 -0.0957 -0.9954
vn -0.0000 -0.1267 -0.9919
vn -0.0000 -0.1568 -0.9876
vn -0.0000 -0.1887 -0.9820
vn -0.0000 -0.2248 -0.9744
vn -0.0000 -0.2682 -0.9634
vn -0.0000 -0.3236 -0.9462
vn -0.0000 -0.3984 -0.9172
vn -0.0000 -0.5050 -0.8631
vn -0.0000 -0.6785 -0.7346
vn -0.0000 -0.8539 -0.5205
vn -0.0000 -0.9426 -0.3340
vn -0.0000 -0.9761 -0.2174
vn -0.0000 -0.9897 -0.1428
vn -0.0000 -0.9956 -0.0933
vn -0.0000 -0.9982 -0.0599
vn -0.0000 -0.9993 -0.0382
vn -0.0000 -0.9997 -0.0261
vn -0.0000 -0.9997 -0.0238
vn -0.0000 -0.9994 -0.0348
vn -0.0000 -0.9985 -0.0551
vn -0.0000 -1.0000 -0.0000
vn 0.0357 0.9956 -0.0861
vn 0.0615 0.9870 -0.1484
vn 0.0947 0.9689 -0.2285
vn 0.1371 0.9336 -0.3311
vn 0.1851 0.8752 -0.4470
vn 0.2318 0.7957 -0.5596
vn 0.2706 0.7070 -0.6533
vn 0.2989 0.6246 -0.7215
vn 0.3174 0.5588 -0.7662
vn 0.3286 0.5124 -0.7934
vn 0.3349 0.4838 -0.8085
vn 0.3428 0.4443 -0.8277
vn 0.3563 0.3648 -0.8602
vn 0.3689 0.2660 -0.8906
vn 0.3768 0.1741 -0.9098
vn 0.3810 0.0924 -0.9199
vn 0.3826 0.0226 -0.9236
vn 0.3825 -0.0342 -0.9233
vn 0.3815 -0.0781 -0.9211
vn 0.3804 -0.1091 -0.9184
vn 0.3796 -0.1270 -0.9164
vn 0.3794 -0.1316 -0.9158
vn 0.3798 -0.1217 -0.9170
vn 0.3803 -0.1107 -0.9182
vn 0.3801 -0.1163 -0.9176
vn 0.3795 -0.1288 -0.9162
vn 0.3792 -0.1344 -0.9155
vn 0.3793 -0.1333 -0.9156
vn 0.3797 -0.1254 -0.9166
vn 0.3803 -0.1108 -0.9182
vn 0.3812 -0.0891 -0.9202
vn 0.3820 -0.0604 -0.9222
vn 0.3826 -0.0246 -0.9236
vn 0.3826 0.0185 -0.9237
vn 0.3818 0.0686 -0.9217
vn 0.3791 0.1370 -0.9152
vn 0.3728 0.2253 -0.9001
vn 0.3642 0.3070 -0.8793
vn 0.3560 0.3668 -0.8595
vn 0.3497 0.4062 -0.8442
vn 0.3461 0.4269 -0.8355
vn 0.3455 0.4299 -0.8342
vn 0.3481 0.4153 -0.8404
vn 0.3536 0.3825 -0.8536
vn 0.3613 0.3300 -0.8721
vn 0.3699 0.2562 -0.8930
vn 0.3777 0.1605 -0.9119
vn 0.3820 0.0591 -0.9223
vn 0.3826 -0.0152 -0.9238
vn 0.3820 -0.0605 -0.9222
vn 0.3809 -0.0957 -0.9196
vn 0.3796 -0.1267 -0.9164
vn 0.3779 -0.1568 -0.9124
vn 0.3758 -0.1887 -0.9073
vn 0.3729 -0.2248 -0.9002
vn 0.3687 -0.2682 -0.8900
vn 0.3621 -0.3236 -0.8742
vn 0.3510 -0.3984 -0.8474
vn 0.3303 -0.5050 -0.7974
vn 0.2811 -0.6785 -0.6787
vn 0.1992 -0.8539 -0.4809
vn 0.1278 -0.9426 -0.3085
vn 0.0832 -0.9761 -0.2009
vn 0.0547 -0.9897 -0.1320
vn 0.0357 -0.9956 -0.0862
vn 0.0229 -0.9982 -0.0553
vn 0.0146 -0.9993 -0.0353
vn 0.0100 -0.9997 -0.0241
vn 0.0091 -0.9997 -0.0220
vn 0.0133 -0.9994 -0.0322
vn 0.0211 -0.9985 -0.0509
vn 0.0659 0.9956 -0.0659
vn 0.1136 0.9870 -0.1136
vn 0.1749 0.9689 -0.1749
vn 0.2534 0.9336 -0.2534
vn 0.3421 0.8752 -0.3421
vn 0.4283 0.7957 -0.4283
vn 0.5001 0.7070 -0.5001
vn 0.5522 0.6246 -0.5522
vn 0.5864 0.5588 -0.5864
vn 0.6072 0.5124 -0.6072
vn 0.6188 0.4838 -0.6188
vn 0.6335 0.4443 -0.6335
vn 0.6584 0.3648 -0.6584
vn 0.6816 0.2660 -0.6816
vn 0.6963 0.1741 -0.6963
vn 0.7041 0.0924 -0.7041
vn 0.7069 0.0226 -0.7069
vn 0.7067 -0.0342 -0.7067
vn 0.7049 -0.0781 -0.7049
vn 0.7029 -0.1091 -0.7029
vn 0.7014 -0.1270 -0.7014
vn 0.7010 -0.1316 -0.7010
vn 0.7018 -0.1217 -0.7018
vn 0.7028 -0.1107 -0.7028
vn 0.7023 -0.1163 -0.7023
vn 0.7012 -0.1288 -0.7012
vn 0.7007 -0.1344 -0.7007
vn 0.7008 -0.1333 -0.7008
vn 0.7015 -0.1254 -0.7015
vn 0.7028 -0.1108 -0.7028
vn 0.7043 -0.0891 -0.7043
vn 0.7058 -0.0604 -0.7058
vn 0.7069 -0.0246 -0.7069
vn 0.7070 0.0185 -0.7070
vn 0.7054 0.0686 -0.7054
vn 0.7004 0.1370 -0.7004
vn 0.6889 0.2253 -0.6889
vn 0.6730 0.3070 -0.6730
vn 0.6578 0.3668 -0.6578
vn 0.6461 0.4062 -0.6461
vn 0.6394 0.4269 -0.6394
vn 0.6384 0.4299 -0.6384
vn 0.6432 0.4153 -0.6432
vn 0.6533 0.3825 -0.6533
vn 0.6675 0.3300 -0.6675
vn 0.6835 0.2562 -0.6835
vn 0.6979 0.1605 -0.6979
vn 0.7059 0.0591 -0.7059
vn 0.7070 -0.0152 -0.7070
vn 0.7058 -0.0605 -0.7058
vn 0.7039 -0.0957 -0.7039
vn 0.7014 -0.1267 -0.7014
vn 0.6984 -0.1568 -0.6984
vn 0.6944 -0.1887 -0.6944
vn 0.6890 -0.2248 -0.6890
vn 0.6812 -0.2682 -0.6812
vn 0.6691 -0.3236 -0.6691
vn 0.6486 -0.3984 -0.6486
vn 0.6103 -0.5050 -0.6103
vn 0.5194 -0.6785 -0.5194
vn 0.3680 -0.8539 -0.3680
vn 0.2361 -0.9426 -0.2361
vn 0.1537 -0.9761 -0.1537
vn 0.1010 -0.9897 -0.1010
vn 0.0660 -0.9956 -0.0660
vn 0.0424 -0.9982 -0.0424
vn 0.0270 -0.9993 -0.0270
vn 0.0184 -0.9997 -0.0184
vn 0.0168 -0.9997 -0.0168
vn 0.0246 -0.9994 -0.0246
vn 0.0390 -0.9985 -0.0390
vn 0.0861 0.9956 -0.0357
vn 0.1484 0.9870 -0.0615
vn 0.2285 0.9689 -0.0947
vn 0.3311 0.9336 -0.1371
vn 0.4470 0.8752 -0.1851
vn 0.5596 0.7957 -0.2318
vn 0.6533 0.7070 -0.2706
vn 0.7215 0.6246 -0.2989
vn 0.7662 0.5588 -0.3174
vn 0.7934 0.5124 -0.3286
vn 0.8085 0.4838 -0.3349
vn 0.8277 0.4443 -0.3428
vn 0.8602 0.3648 -0.3563
vn 0.8906 0.2660 -0.3689
vn 0.9098 0.1741 -0.3768
vn 0.9199 0.0924 -0.3810
vn 0.9236 0.0226 -0.3826
vn 0.9233 -0.0342 -0.3825
vn 0.9211 -0.0781 -0.3815
vn 0.9184 -0.1091 -0.3804
vn 0.9164 -0.1270 -0.3796
vn 0.9158 -0.1316 -0.3794
vn 0.9170 -0.1217 -0.3798
vn 0.9182 -0.1107 -0.3803
vn 0.9176 -0.1163 -0.3801
vn 0.9162 -0.1288 -0.3795
vn 0.9155 -0.1344 -0.3792
vn 0.9156 -0.1333 -0.3793
vn 0.9166 -0.1254 -0.3797
vn 0.9182 -0.1108 -0.3803
vn 0.9202 -0.0891 -0.3812
vn 0.9222 -0.0604 -0.3820
vn 0.9236 -0.0246 -0.3826
vn 0.9237 0.0185 -0.3826
vn 0.9217 0.0686 -0.3818
vn 0.9152 0.1370 -0.3791
vn 0.9001 0.2253 -0.3728
vn 0.8793 0.3070 -0.3642
vn 0.8595 0.3668 -0.3560
vn 0.8442 0.4062 -0.3497
vn 0.8355 0.4269 -0.3461
vn 0.8342 0.4299 -0.3455
vn 0.8404 0.4153 -0.3481
vn 0.8536 0.3825 -0.3536
vn 0.8721 0.3300 -0.3613
vn 0.8930 0.2562 -0.3699
vn 0.9119 0.1605 -0.3777
vn 0.9223 0.0591 -0.3820
vn 0.9238 -0.0152 -0.3826
vn 0.9222 -0.0605 -0.3820
vn 0.9196 -0.0957 -0.3809
vn 0.9164 -0.1267 -0.3796
vn 0.9124 -0.1568 -0.3779
vn 0.9073 -0.1887 -0.3758
vn 0.9002 -0.2248 -0.3729
vn 0.8900 -0.2682 -0.3687
vn 0.8742 -0.3236 -0.3621
vn 0.8474 -0.3984 -0.3510
vn 0.7974 -0.5050 -0.3303
vn 0.6787 -0.6785 -0.2811
vn 0.4809 -0.8539 -0.1992
vn 0.3085 -0.9426 -0.1278
vn 0.2009 -0.9761 -0.0832
vn 0.1319 -0.9897 -0.0547
vn 0.0862 -0.9956 -0.0357
vn 0.0553 -0.9982 -0.0229
vn 0.0353 -0.9993 -0.0146
vn 0.0241 -0.9997 -0.0100
vn 0.0220 -0.9997 -0.0091
vn 0.0322 -0.9994 -0.0133
vn 0.0509 -0.9985 -0.0211
vn 0.0932 0.9956 -0.0000
vn 0.1606 0.9870 -0.0000
vn 0.2473 0.9689 -0.0000
vn 0.3584 0.9336 -0.0000
vn 0.4838 0.8752 -0.0000
vn 0.6057 0.7957 -0.0000
vn 0.7072 0.7070 -0.0000
vn 0.7809 0.6246 -0.0000
vn 0.8293 0.5588 -0.0000
vn 0.8587 0.5124 -0.0000
vn 0.8752 0.4838 -0.0000
vn 0.8959 0.4443 -0.0000
vn 0.9311 0.3648 -0.0000
vn 0.9640 0.2660 -0.0000
vn 0.9847 0.1741 -0.0000
vn 0.9957 0.0924 -0.0000
vn 0.9997 0.0226 -0.0000
vn 0.9994 -0.0342 -0.0000
vn 0.9969 -0.0781 -0.0000
vn 0.9940 -0.1091 -0.0000
vn 0.9919 -0.1270 -0.0000
vn 0.9913 -0.1316 -0.0000
vn 0.9926 -0.1217 -0.0000
vn 0.9939 -0.1107 -0.0000
vn 0.9932 -0.1163 -0.0000
vn 0.9917 -0.1288 -0.0000
vn 0.9909 -0.1344 -0.0000
vn 0.9911 -0.1333 -0.0000
vn 0.9921 -0.1254 -0.0000
vn 0.9938 -0.1108 -0.0000
vn 0.9960 -0.0891 -0.0000
vn 0.9982 -0.0604 -0.0000
vn 0.9997 -0.0246 -0.0000
vn 0.9998 0.0185 -0.0000
vn 0.9976 0.0686 -0.0000
vn 0.9906 0.1370 -0.0000
vn 0.9743 0.2253 -0.0000
vn 0.9517 0.3070 -0.0000
vn 0.9303 0.3668 -0.0000
vn 0.9138 0.4062 -0.0000
vn 0.9043 0.4269 -0.0000
vn 0.9029 0.4299 -0.0000
vn 0.9097 0.4153 -0.0000
vn 0.9240 0.3825 -0.0000
vn 0.9440 0.3300 -0.0000
vn 0.9666 0.2562 -0.0000
vn 0.9870 0.1605 -0.0000
vn 0.9983 0.0591 -0.0000
vn 0.9999 -0.0152 -0.0000
vn 0.9982 -0.0605 -0.0000
vn 0.9954 -0.0957 -0.0000
vn 0.9919 -0.1267 -0.0000
vn 0.9876 -0.1568 -0.0000
vn 0.9820 -0.1887 -0.0000
vn 0.9744 -0.2248 -0.0000
vn 0.9634 -0.2682 -0.0000
vn 0.9462 -0.3236 -0.0000
vn 0.9172 -0.3984 -0.0000
vn 0.8631 -0.5050 -0.0000
vn 0.7346 -0.6785 -0.0000
vn 0.5205 -0.8539 -0.0000
vn 0.3340 -0.9426 -0.0000
vn 0.2174 -0.9761 -0.0000
vn 0.1428 -0.9897 -0.0000
vn 0.0933 -0.9956 -0.0000
vn 0.0599 -0.9982 -0.0000
vn 0.0382 -0.9993 -0.0000
vn 0.0261 -0.9997 -0.0000
vn 0.0238 -0.9997 -0.0000
vn 0.0348 -0.9994 -0.0000
vn 0.0551 -0.9985 -0.0000
vn 0.0861 0.9956 0.0357
vn 0.1484 0.9870 0.0615
vn 0.2285 0.9689 0.0947
vn 0.3311 0.9336 0.1371
vn 0.4470 0.8752 0.1851
vn 0.5596 0.7957 0.2318
vn 0.6533 0.7070 0.2706
vn 0.7215 0.6246 0.2989
vn 0.7662 0.5588 0.3174
vn 0.7934 0.5124 0.3286
vn 0.8085 0.4838 0.3349
vn 0.8277 0.4443 0.3428
vn 0.8602 0.3648 0.3563
vn 0.8906 0.2660 0.3689
vn 0.9098 0.1741 0.3768
vn 0.9199 0.0924 0.3810
vn 0.9236 0.0226 0.3826
vn 0.9233 -0.0342 0.3825
vn 0.9211 -0.0781 0.3815
vn 0.9184 -0.1091 0.3804
vn 0.9164 -0.1270 0.3796
vn 0.9158 -0.1316 0.3794
vn 0.9170 -0.1217 0.3798
vn 0.9182 -0.1107 0.3803
vn 0.9176 -0.1163 0.3801
vn 0.9162 -0.1288 0.3795
vn 0.9155 -0.1344 0.3792
vn 0.9156 -0.1333 0.3793
vn 0.9166 -0.1254 0.3797
vn 0.9182 -0.1108 0.3803
vn 0.9202 -0.0891 0.3812
vn 0.9222 -0.0604 0.3820
vn 0.9236 -0.0246 0.3826
vn 0.9237 0.0185 0.3826
vn 0.9217 0.0686 0.3818
vn 0.9152 0.1370 0.3791
vn 0.9001 0.2253 0.3728
vn 0.8793 0.3070 0.3642
vn 0.8595 0.3668 0.3560
vn 0.8442 0.4062 0.3497
vn 0.8355 0.4269 0.3461
vn 0.8342 0.4299 0.3455
vn 0.8404 0.4153 0.3481
vn 0.8536 0.3825 0.3536
vn 0.8721 0.3300 0.3613
vn 0.8930 0.2562 0.3699
vn 0.9119 0.1605 0.3777
vn 0.9223 0.0591 0.3820
vn 0.9238 -0.0152 0.3826
vn 0.9222 -0.0605 0.3820
vn 0.9196 -0.0957 0.3809
vn 0.9164 -0.1267 0.3796
vn 0.9124 -0.1568 0.3779
vn 0.9073 -0.1887 0.3758
vn 0.9002 -0.2248 0.3729
vn 0.8900 -0.2682 0.3687
vn 0.8742 -0.3236 0.3621
vn 0.8474 -0.3984 0.3510
vn 0.7974 -0.5050 0.3303
vn 0.6787 -0.6785 0.2811
vn 0.4809 -0.8539 0.1992
vn 0.3085 -0.9426 0.1278
vn 0.2009 -0.9761 0.0832
vn 0.1319 -0.9897 0.0547
vn 0.0862 -0.9956 0.0357
vn 0.0553 -0.9982 0.0229
vn 0.0353 -0.9993 0.0146
vn 0.0241 -0.9997 0.0100
vn 0.0220 -0.9997 0.0091
vn 0.0322 -0.9994 0.0133
vn 0.0509 -0.9985 0.0211
vn 0.0659 0.9956 0.0659
vn 0.1136 0.9870 0.1136
vn 0.1749 0.9689 0.1749
vn 0.2534 0.9336 0.2534
vn 0.3421 0.8752 0.3421
vn 0.4283 0.7957 0.4283
vn 0.5001 0.7070 0.5001
vn 0.5522 0.6246 0.5522
vn 0.5864 0.5588 0.5864
vn 0.6072 0.5124 0.6072
vn 0.6188 0.4838 0.6188
vn 0.6335 0.4443 0.6335
vn 0.6584 0.3648 0.6584
vn 0.6816 0.2660 0.6816
vn 0.6963 0.1741 0.6963
vn 0.7041 0.0924 0.7041
vn 0.7069 0.0226 0.7069
vn 0.7067 -0.0342 0.7067
vn 0.7049 -0.0781 0.7049
vn 0.7029 -0.1091 0.7029
vn 0.7014 -0.1270 0.7014
vn 0.7010 -0.1316 0.7010
vn 0.7018 -0.1217 0.7018
vn 0.7028 -0.1107 0.7028
vn 0.7023 -0.1163 0.7023
vn 0.7012 -0.1288 0.7012
vn 0.7007 -0.1344 0.7007
vn 0.7008 -0.1333 0.7008
vn 0.7015 -0.1254 0.7015
vn 0.7028 -0.1108 0.7028
vn 0.7043 -0.0891 0.7043
vn 0.7058 -0.0604 0.7058
vn 0.7069 -0.0246 0.7069
vn 0.7070 0.0185 0.7070
vn 0.7054 0.0686 0.7054
vn 0.7004 0.1370 0.7004
vn 0.6889 0.2253 0.6889
vn 0.6730 0.3070 0.6730
vn 0.6578 0.3668 0.6578
vn 0.6461 0.4062 0.6461
vn 0.6394 0.4269 0.6394
vn 0.6384 0.4299 0.6384
vn 0.6432 0.4153 0.6432
vn 0.6533 0.3825 0.6533
vn 0.6675 0.3300 0.6675
vn 0.6835 0.2562 0.6835
vn 0.6979 0.1605 0.6979
vn 0.7059 0.0591 0.7059
vn 0.7070 -0.0152 0.7070
vn 0.7058 -0.0605 0.7058
vn 0.7039 -0.0957 0.7039
vn 0.7014 -0.1267 0.7014
vn 0.6984 -0.1568 0.6984
vn 0.6944 -0.1887 0.6944
vn 0.6890 -0.2248 0.6890
vn 0.6812 -0.2682 0.6812
vn 0.6691 -0.3236 0.6691
vn 0.6486 -0.3984 0.6486
vn 0.6103 -0.5050 0.6103
vn 0.5194 -0.6785 0.5194
vn 0.3680 -0.8539 0.3680
vn 0.2361 -0.9426 0.2361
vn 0.1537 -0.9761 0.1537
vn 0.1010 -0.9897 0.1010
vn 0.0660 -0.9956 0.0660
vn 0.0424 -0.9982 0.0424
vn 0.0270 -0.9993 0.0270
vn 0.0184 -0.9997 0.0184
vn 0.0168 -0.9997 0.0168
vn 0.0246 -0.9994 0.0246
vn 0.0390 -0.9985 0.0390
vn 0.0357 0.9956 0.0861
vn 0.0615 0.9870 0.1484
vn 0.0947 0.9689 0.2285
vn 0.1371 0.9336 0.3311
vn 0.1851 0.8752 0.4470
vn 0.2318 0.7957 0.5596
vn 0.2706 0.7070 0.6533
vn 0.2989 0.6246 0.7215
vn 0.3174 0.5588 0.7662
vn 0.3286 0.5124 0.7934
vn 0.3349 0.4838 0.8085
vn 0.3428 0.4443 0.8277
vn 0.3563 0.3648 0.8602
vn 0.3689 0.2660 0.8906
vn 0.3768 0.1741 0.9098
vn 0.3810 0.0924 0.9199
vn 0.3826 0.0226 0.9236
vn 0.3825 -0.0342 0.9233
vn 0.3815 -0.0781 0.9211
vn 0.3804 -0.1091 0.9184
vn 0.3796 -0.1270 0.9164
vn 0.3794 -0.1316 0.9158
vn 0.3798 -0.1217 0.9170
vn 0.3803 -0.1107 0.9182
vn 0.3801 -0.1163 0.9176
vn 0.3795 -0.1288 0.9162
vn 0.3792 -0.1344 0.9155
vn 0.3793 -0.1333 0.9156
vn 0.3797 -0.1254 0.9166
vn 0.3803 -0.1108 0.9182
vn 0.3812 -0.0891 0.9202
vn 0.3820 -0.0604 0.9222
vn 0.3826 -0.0246 0.9236
vn 0.3826 0.0185 0.9237
vn 0.3818 0.0686 0.9217
vn 0.3791 0.1370 0.9152
vn 0.3728 0.2253 0.9001
vn 0.3642 0.3070 0.8793
vn 0.3560 0.3668 0.8595
vn 0.3497 0.4062 0.8442
vn 0.3461 0.4269 0.8355
vn 0.3455 0.4299 0.8342
vn 0.3481 0.4153 0.8404
vn 0.3536 0.3825 0.8536
vn 0.3613 0.3300 0.8721
vn 0.3699 0.2562 0.8930
vn 0.3777 0.1605 0.9119
vn 0.3820 0.0591 0.9223
vn 0.3826 -0.0152 0.9238
vn 0.3820 -0.0605 0.9222
vn 0.3809 -0.0957 0.9196
vn 0.3796 -0.1267 0.9164
vn 0.3779 -0.1568 0.9124
vn 0.3758 -0.1887 0.9073
vn 0.3729 -0.2248 0.9002
vn 0.3687 -0.2682 0.8900
vn 0.3621 -0.3236 0.8742
vn 0.3510 -0.3984 0.8474
vn 0.3303 -0.5050 0.7974
vn 0.2811 -0.6785 0.6787
vn 0.1992 -0.8539 0.4809
vn 0.1278 -0.9426 0.3085
vn 0.0832 -0.9761 0.2009
vn 0.0547 -0.9897 0.1319
vn 0.0357 -0.9956 0.0862
vn 0.0229 -0.9982 0.0553
vn 0.0146 -0.9993 0.0353
vn 0.0100 -0.9997 0.0241
vn 0.0091 -0.9997 0.0220
vn 0.0133 -0.9994 0.0322
vn 0.0211 -0.9985 0.0509
vn -0.0000 0.9956 0.0932
vn -0.0000 0.9870 0.1606
vn -0.0000 0.9689 0.2473
vn -0.0000 0.9336 0.3584
vn -0.0000 0.8752 0.4838
vn -0.0000 0.7957 0.6057
vn -0.0000 0.7070 0.7072
vn -0.0000 0.6246 0.7809
vn -0.0000 0.5588 0.8293
vn -0.0000 0.5124 0.8587
vn -0.0000 0.4838 0.8752
vn -0.0000 0.4443 0.8959
vn -0.0000 0.3648 0.9311
vn -0.0000 0.2660 0.9640
vn -0.0000 0.1741 0.9847
vn -0.0000 0.0924 0.9957
vn -0.0000 0.0226 0.9997
vn -0.0000 -0.0342 0.9994
vn -0.0000 -0.0781 0.9969
vn -0.0000 -0.1091 0.9940
vn -0.0000 -0.1270 0.9919
vn -0.0000 -0.1316 0.9913
vn -0.0000 -0.1217 0.9926
vn -0.0000 -0.1107 0.9939
vn -0.0000 -0.1163 0.9932
vn -0.0000 -0.1288 0.9917
vn -0.0000 -0.1344 0.9909
vn -0.0000 -0.1333 0.9911
vn -0.0000 -0.1254 0.9921
vn -0.0000 -0.1108 0.9938
vn -0.0000 -0.0891 0.9960
vn -0.0000 -0.0604 0.9982
vn -0.0000 -0.0246 0.9997
vn -0.0000 0.0185 0.9998
vn -0.0000 0.0686 0.9976
vn -0.0000 0.1370 0.9906
vn -0.0000 0.2253 0.9743
vn -0.0000 0.3070 0.9517
vn -0.0000 0.3668 0.9303
vn -0.0000 0.4062 0.9138
vn -0.0000 0.4269 0.9043
vn -0.0000 0.4299 0.9029
vn -0.0000 0.4153 0.9097
vn -0.0000 0.3825 0.9240
vn -0.0000 0.3300 0.9440
vn -0.0000 0.2562 0.9666
vn -0.0000 0.1605 0.9870
vn -0.0000 0.0591 0.9983
vn -0.0000 -0.0152 0.9999
vn -0.0000 -0.0605 0.9982
vn -0.0000 -0.0957 0.9954
vn -0.0000 -0.1267 0.9919
vn -0.0000 -0.1568 0.9876
vn -0.0000 -0.1887 0.9820
vn -0.0000 -0.2248 0.9744
vn -0.0000 -0.2682 0.9634
vn -0.0000 -0.3236 0.9462
vn -0.0000 -0.3984 0.9172
vn -0.0000 -0.5050 0.8631
vn -0.0000 -0.6785 0.7346
vn -0.0000 -0.8539 0.5205
vn -0.0000 -0.9426 0.3340
vn -0.0000 -0.9761 0.2174
vn -0.0000 -0.9897 0.1428
vn -0.0000 -0.9956 0.0933
vn -0.0000 -0.9982 0.0599
vn -0.0000 -0.9993 0.0382
vn -0.0000 -0.9997 0.0261
vn -0.0000 -0.9997 0.0238
vn -0.0000 -0.9994 0.0348
vn -0.0000 -0.9985 0.0551
vn -0.0357 0.9956 0.0861
vn -0.0615 0.9870 0.1484
vn -0.0947 0.9689 0.2285
vn -0.1371 0.9336 0.3311
vn -0.1851 0.8752 0.4470
vn -0.2318 0.7957 0.5596
vn -0.2706 0.7070 0.6533
vn -0.2989 0.6246 0.7215
vn -0.3174 0.5588 0.7662
vn -0.3286 0.5124 0.7934
vn -0.3349 0.4838 0.8085
vn -0.3428 0.4443 0.8277
vn -0.3563 0.3648 0.8602
vn -0.3689 0.2660 0.8906
vn -0.3768 0.1741 0.9098
vn -0.3810 0.0924 0.9199
vn -0.3826 0.0226 0.9236
vn -0.3825 -0.0342 0.9233
vn -0.3815 -0.0781 0.9211
vn -0.3804 -0.1091 0.9184
vn -0.3796 -0.1270 0.9164
vn -0.3794 -0.1316 0.9158
vn -0.3798 -0.1217 0.9170
vn -0.3803 -0.1107 0.9182
vn -0.3801 -0.1163 0.9176
vn -0.3795 -0.1288 0.9162
vn -0.3792 -0.1344 0.9155
vn -0.3793 -0.1333 0.9156
vn -0.3797 -0.1254 0.9166
vn -0.3803 -0.1108 0.9182
vn -0.3812 -0.0891 0.9202
vn -0.3820 -0.0604 0.9222
vn -0.3826 -0.0246 0.9236
vn -0.3826 0.0185 0.9237
vn -0.3818 0.0686 0.9217
vn -0.3791 0.1370 0.9152
vn -0.3728 0.2253 0.9001
vn -0.3642 0.3070 0.8793
vn -0.3560 0.3668 0.8595
vn -0.3497 0.4062 0.8442
vn -0.3461 0.4269 0.8355
vn -0.3455 0.4299 0.8342
vn -0.3481 0.4153 0.8404
vn -0.3536 0.3825 0.8536
vn -0.3613 0.3300 0.8721
vn -0.3699 0.2562 0.8930
vn -0.3777 0.1605 0.9119
vn -0.3820 0.0591 0.9223
vn -0.3826 -0.0152 0.9238
vn -0.3820 -0.0605 0.9222
vn -0.3809 -0.0957 0.9196
vn -0.3796 -0.1267 0.9164
vn -0.3779 -0.1568 0.9124
vn -0.3758 -0.1887 0.9073
vn -0.3729 -0.2248 0.9002
vn -0.3687 -0.2682 0.8900
vn -0.3621 -0.3236 0.8742
vn -0.3510 -0.3984 0.8474
vn -0.3303 -0.5050 0.7974
vn -0.2811 -0.6785 0.6787
vn -0.1992 -0.8539 0.4809
vn -0.1278 -0.9426 0.3085
vn -0.0832 -0.9761 0.2009
vn -0.0547 -0.9897 0.1319
vn -0.0357 -0.9956 0.0862
vn -0.0229 -0.9982 0.0553
vn -0.0146 -0.9993 0.0353
vn -0.0100 -0.9997 0.0241
vn -0.0091 -0.9997 0.0220
vn -0.0133 -0.9994 0.0322
vn -0.0211 -0.9985 0.0509
vn -0.0659 0.9956 0.0659
vn -0.1136 0.9870 0.1136
vn -0.1749 0.9689 0.1749
vn -0.2534 0.9336 0.2534
vn -0.3421 0.8752 0.3421
vn -0.4283 0.7957 0.4283
vn -0.5001 0.7070 0.5001
vn -0.5522 0.6246 0.5522
vn -0.5864 0.5588 0.5864
vn -0.6072 0.5124 0.6072
vn -0.6188 0.4838 0.6188
vn -0.6335 0.4443 0.6335
vn -0.6584 0.3648 0.6584
vn -0.6816 0.2660 0.6816
vn -0.6963 0.1741 0.6963
vn -0.7041 0.0924 0.7041
vn -0.7069 0.0226 0.7069
vn -0.7067 -0.0342 0.7067
vn -0.7049 -0.0781 0.7049
vn -0.7029 -0.1091 0.7029
vn -0.7014 -0.1270 0.7014
vn -0.7010 -0.1316 0.7010
vn -0.7018 -0.1217 0.7018
vn -0.7028 -0.1107 0.7028
vn -0.7023 -0.1163 0.7023
vn -0.7012 -0.1288 0.7012
vn -0.7007 -0.1344 0.7007
vn -0.7008 -0.1333 0.7008
vn -0.7015 -0.1254 0.7015
vn -0.7028 -0.1108 0.7028
vn -0.7043 -0.0891 0.7043
vn -0.7058 -0.0604 0.7058
vn -0.7069 -0.0246 0.7069
vn -0.7070 0.0185 0.7070
vn -0.7054 0.0686 0.7054
vn -0.7004 0.1370 0.7004
vn -0.6889 0.2253 0.6889
vn -0.6730 0.3070 0.6730
vn -0.6578 0.3668 0.6578
vn -0.6461 0.4062 0.6461
vn -0.6394 0.4269 0.6394
vn -0.6384 0.4299 0.6384
vn -0.6432 0.4153 0.6432
vn -0.6533 0.3825 0.6533
vn -0.6675 0.3300 0.6675
vn -0.6835 0.2562 0.6835
vn -0.6979 0.1605 0.6979
vn -0.7059 0.0591 0.7059
vn -0.7070 -0.0152 0.7070
vn -0.7058 -0.0605 0.7058
vn -0.7039 -0.0957 0.7039
vn -0.7014 -0.1267 0.7014
vn -0.6984 -0.1568 0.6984
vn -0.6944 -0.1887 0.6944
vn -0.6890 -0.2248 0.6890
vn -0.6812 -0.2682 0.6812
vn -0.6691 -0.3236 0.6691
vn -0.6486 -0.3984 0.6486
vn -0.6103 -0.5050 0.6103
vn -0.5194 -0.6785 0.5194
vn -0.3680 -0.8539 0.3680
vn -0.2361 -0.9426 0.2361
vn -0.1537 -0.9761 0.1537
vn -0.1010 -0.9897 0.1010
vn -0.0660 -0.9956 0.0660
vn -0.0424 -0.9982 0.0424
vn -0.0270 -0.9993 0.0270
vn -0.0184 -0.9997 0.0184
vn -0.0168 -0.9997 0.0168
vn -0.0246 -0.9994 0.0246
vn -0.0390 -0.9985 0.0390
vn -0.0861 0.9956 0.0357
vn -0.1484 0.9870 0.0615
vn -0.2285 0.9689 0.0947
vn -0.3311 0.9336 0.1371
vn -0.4470 0.8752 0.1851
vn -0.5596 0.7957 0.2318
vn -0.6533 0.7070 0.2706
vn -0.7215 0.6246 0.2989
vn -0.7662 0.5588 0.3174
vn -0.7934 0.5124 0.3286
vn -0.8085 0.4838 0.3349
vn -0.8277 0.4443 0.3428
vn -0.8602 0.3648 0.3563
vn -0.8906 0.2660 0.3689
vn -0.9098 0.1741 0.3768
vn -0.9199 0.0924 0.3810
vn -0.9236 0.0226 0.3826
vn -0.9233 -0.0342 0.3825
vn -0.9211 -0.0781 0.3815
vn -0.9184 -0.1091 0.3804
vn -0.9164 -0.1270 0.3796
vn -0.9158 -0.1316 0.3794
vn -0.9170 -0.1217 0.3798
vn -0.9182 -0.1107 0.3803
vn -0.9176 -0.1163 0.3801
vn -0.9162 -0.1288 0.3795
vn -0.9155 -0.1344 0.3792
vn -0.9156 -0.1333 0.3793
vn -0.9166 -0.1254 0.3797
vn -0.9182 -0.1108 0.3803
vn -0.9202 -0.0891 0.3812
vn -0.9222 -0.0604 0.3820
vn -0.9236 -0.0246 0.3826
vn -0.9237 0.0185 0.3826
vn -0.9217 0.0686 0.3818
vn -0.9152 0.1370 0.3791
vn -0.9001 0.2253 0.3728
vn -0.8793 0.3070 0.3642
vn -0.8595 0.3668 0.3560
vn -0.8442 0.4062 0.3497
vn -0.8355 0.4269 0.3461
vn -0.8342 0.4299 0.3455
vn -0.8404 0.4153 0.3481
vn -0.8536 0.3825 0.3536
vn -0.8721 0.3300 0.3613
vn -0.8930 0.2562 0.3699
vn -0.9119 0.1605 0.3777
vn -0.9223 0.0591 0.3820
vn -0.9238 -0.0152 0.3826
vn -0.9222 -0.0605 0.3820
vn -0.9196 -0.0957 0.3809
vn -0.9164 -0.1267 0.3796
vn -0.9124 -0.1568 0.3779
vn -0.9073 -0.1887 0.3758
vn -0.9002 -0.2248 0.3729
vn -0.8900 -0.2682 0.3687
vn -0.8742 -0.3236 0.3621
vn -0.8474 -0.3984 0.3510
vn -0.7974 -0.5050 0.3303
vn -0.6787 -0.6785 0.2811
vn -0.4809 -0.8539 0.1992
vn -0.3085 -0.9426 0.1278
vn -0.2009 -0.9761 0.0832
vn -0.1319 -0.9897 0.0547
vn -0.0862 -0.9956 0.0357
vn -0.0553 -0.9982 0.0229
vn -0.0353 -0.9993 0.0146
vn -0.0241 -0.9997 0.0100
vn -0.0220 -0.9997 0.0091
vn -0.0322 -0.9994 0.0133
vn -0.0509 -0.9985 0.0211
vn -0.0932 0.9956 -0.0000
vn -0.1606 0.9870 -0.0000
vn -0.2473 0.9689 -0.0000
vn -0.3584 0.9336 -0.0000
vn -0.4838 0.8752 -0.0000
vn -0.6057 0.7957 -0.0000
vn -0.7072 0.7070 -0.0000
vn -0.7809 0.6246 -0.0000
vn -0.8293 0.5588 -0.0000
vn -0.8587 0.5124 -0.0000
vn -0.8752 0.4838 -0.0000
vn -0.8959 0.4443 -0.0000
vn -0.9311 0.3648 -0.0000
vn -0.9640 0.2660 -0.0000
vn -0.9847 0.1741 -0.0000
vn -0.9957 0.0924 -0.0000
vn -0.9997 0.0226 -0.0000
vn -0.9994 -0.0342 -0.0000
vn -0.9969 -0.0781 -0.0000
vn -0.9940 -0.1091 -0.0000
vn -0.9919 -0.1270 -0.0000
vn -0.9913 -0.1316 -0.0000
vn -0.9926 -0.1217 -0.0000
vn -0.9939 -0.1107 -0.0000
vn -0.9932 -0.1163 -0.0000
vn -0.9917 -0.1288 -0.0000
vn -0.9909 -0.1344 -0.0000
vn -0.9911 -0.1333 -0.0000
vn -0.9921 -0.1254 -0.0000
vn -0.9938 -0.1108 -0.0000
vn -0.9960 -0.0891 -0.0000
vn -0.9982 -0.0604 -0.0000
vn -0.9997 -0.0246 -0.0000
vn -0.9998 0.0185 -0.0000
vn -0.9976 0.0686 -0.0000
vn -0.9906 0.1370 -0.0000
vn -0.9743 0.2253 -0.0000
vn -0.9517 0.3070 -0.0000
vn -0.9303 0.3668 -0.0000
vn -0.9138 0.4062 -0.0000
vn -0.9043 0.4269 -0.0000
vn -0.9029 0.4299 -0.0000
vn -0.9097 0.4153 -0.0000
vn -0.9240 0.3825 -0.0000
vn -0.9440 0.3300 -0.0000
vn -0.9666 0.2562 -0.0000
vn -0.9870 0.1605 -0.0000
vn -0.9983 0.0591 -0.0000
vn -0.9999 -0.0152 -0.0000
vn -0.9982 -0.0605 -0.0000
vn -0.9954 -0.0957 -0.0000
vn -0.9919 -0.1267 -0.0000
vn -0.9876 -0.1568 -0.0000
vn -0.9820 -0.1887 -0.0000
vn -0.9744 -0.2248 -0.0000
vn -0.9634 -0.2682 -0.0000
vn -0.9462 -0.3236 -0.0000
vn -0.9172 -0.3984 -0.0000
vn -0.8631 -0.5050 -0.0000
vn -0.7346 -0.6785 -0.0000
vn -0.5205 -0.8539 -0.0000
vn -0.3340 -0.9426 -0.0000
vn -0.2174 -0.9761 -0.0000
vn -0.1428 -0.9897 -0.0000
vn -0.0933 -0.9956 -0.0000
vn -0.0599 -0.9982 -0.0000
vn -0.0382 -0.9993 -0.0000
vn -0.0261 -0.9997 -0.0000
vn -0.0238 -0.9997 -0.0000
vn -0.0348 -0.9994 -0.0000
vn -0.0551 -0.9985 -0.0000
vn -0.0861 0.9956 -0.0357
vn -0.1484 0.9870 -0.0615
vn -0.2285 0.9689 -0.0947
vn -0.3311 0.9336 -0.1371
vn -0.4470 0.8752 -0.1851
vn -0.5596 0.7957 -0.2318
vn -0.6533 0.7070 -0.2706
vn -0.7215 0.6246 -0.2989
vn -0.7662 0.5588 -0.3174
vn -0.7934 0.5124 -0.3286
vn -0.8085 0.4838 -0.3349
vn -0.8277 0.4443 -0.3428
vn -0.8602 0.3648 -0.3563
vn -0.8906 0.2660 -0.3689
vn -0.9098 0.1741 -0.3768
vn -0.9199 0.0924 -0.3810
vn -0.9236 0.0226 -0.3826
vn -0.9233 -0.0342 -0.3825
vn -0.9211 -0.0781 -0.3815
vn -0.9184 -0.1091 -0.3804
vn -0.9164 -0.1270 -0.3796
vn -0.9158 -0.1316 -0.3794
vn -0.9170 -0.1217 -0.3798
vn -0.9182 -0.1107 -0.3803
vn -0.9176 -0.1163 -0.3801
vn -0.9162 -0.1288 -0.3795
vn -0.9155 -0.1344 -0.3792
vn -0.9156 -0.1333 -0.3793
vn -0.9166 -0.1254 -0.3797
vn -0.9182 -0.1108 -0.3803
vn -0.9202 -0.0891 -0.3812
vn -0.9222 -0.0604 -0.3820
vn -0.9236 -0.0246 -0.3826
vn -0.9237 0.0185 -0.3826
vn -0.9217 0.0686 -0.3818
vn -0.9152 0.1370 -0.3791
vn -0.9001 0.2253 -0.3728
vn -0.8793 0.3070 -0.3642
vn -0.8595 0.3668 -0.3560
vn -0.8442 0.4062 -0.3497
vn -0.8355 0.4269 -0.3461
vn -0.8342 0.4299 -0.3455
vn -0.8404 0.4153 -0.3481
vn -0.8536 0.3825 -0.3536
vn -0.8721 0.3300 -0.3613
vn -0.8930 0.2562 -0.3699
vn -0.9119 0.1605 -0.3777
vn -0.9223 0.0591 -0.3820
vn -0.9238 -0.0152 -0.3826
vn -0.9222 -0.0605 -0.3820
vn -0.9196 -0.0957 -0.3809
vn -0.9164 -0.1267 -0.3796
vn -0.9124 -0.1568 -0.3779
vn -0.9073 -0.1887 -0.3758
vn -0.9002 -0.2248 -0.3729
vn -0.8900 -0.2682 -0.3687
vn -0.8742 -0.3236 -0.3621
vn -0.8474 -0.3984 -0.3510
vn -0.7974 -0.5050 -0.3303
vn -0.6787 -0.6785 -0.2811
vn -0.4809 -0.8539 -0.1992
vn -0.3085 -0.9426 -0.1278
vn -0.2009 -0.9761 -0.0832
vn -0.1319 -0.9897 -0.0547
vn -0.0862 -0.9956 -0.0357
vn -0.0553 -0.9982 -0.0229
vn -0.0353 -0.9993 -0.0146
vn -0.0241 -0.9997 -0.0100
vn -0.0220 -0.9997 -0.0091
vn -0.0322 -0.9994 -0.0133
vn -0.0509 -0.9985 -0.0211
vn -0.0659 0.9956 -0.0659
vn -0.1136 0.9870 -0.1136
vn -0.1749 0.9689 -0.1749
vn -0.2534 0.9336 -0.2534
vn -0.3421 0.8752 -0.3421
vn -0.4283 0.7957 -0.4283
vn -0.5001 0.7070 -0.5001
vn -0.5522 0.6246 -0.5522
vn -0.5864 0.5588 -0.5864
vn -0.6072 0.5124 -0.6072
vn -0.6188 0.4838 -0.6188
vn -0.6335 0.4443 -0.6335
vn -0.6584 0.3648 -0.6584
vn -0.6816 0.2660 -0.6816
vn -0.6963 0.1741 -0.6963
vn -0.7041 0.0924 -0.7041
vn -0.7069 0.0226 -0.7069
vn -0.7067 -0.0342 -0.7067
vn -0.7049 -0.0781 -0.7049
vn -0.7029 -0.1091 -0.7029
vn -0.7014 -0.1270 -0.7014
vn -0.7010 -0.1316 -0.7010
vn -0.7018 -0.1217 -0.7018
vn -0.7028 -0.1107 -0.7028
vn -0.7023 -0.1163 -0.7023
vn -0.7012 -0.1288 -0.7012
vn -0.7007 -0.1344 -0.7007
vn -0.7008 -0.1333 -0.7008
vn -0.7015 -0.1254 -0.7015
vn -0.7028 -0.1108 -0.7028
vn -0.7043 -0.0891 -0.7043
vn -0.7058 -0.0604 -0.7058
vn -0.7069 -0.0246 -0.7069
vn -0.7070 0.0185 -0.7070
vn -0.7054 0.0686 -0.7054
vn -0.7004 0.1370 -0.7004
vn -0.6889 0.2253 -0.6889
vn -0.6730 0.3070 -0.6730
vn -0.6578 0.3668 -0.6578
vn -0.6461 0.4062 -0.6461
vn -0.6394 0.4269 -0.6394
vn -0.6384 0.4299 -0.6384
vn -0.6432 0.4153 -0.6432
vn -0.6533 0.3825 -0.6533
vn -0.6675 0.3300 -0.6675
vn -0.6835 0.2562 -0.6835
vn -0.6979 0.1605 -0.6979
vn -0.7059 0.0591 -0.7059
vn -0.7070 -0.0152 -0.7070
vn -0.7058 -0.0605 -0.7058
vn -0.7039 -0.0957 -0.7039
vn -0.7014 -0.1267 -0.7014
vn -0.6984 -0.1568 -0.6984
vn -0.6944 -0.1887 -0.6944
vn -0.6890 -0.2248 -0.6890
vn -0.6812 -0.2682 -0.6812
vn -0.6691 -0.3236 -0.6691
vn -0.6486 -0.3984 -0.6486
vn -0.6103 -0.5050 -0.6103
vn -0.5194 -0.6785 -0.5194
vn -0.3680 -0.8539 -0.3680
vn -0.2361 -0.9426 -0.2361
vn -0.1537 -0.9761 -0.1537
vn -0.1010 -0.9897 -0.1010
vn -0.0660 -0.9956 -0.0660
vn -0.0424 -0.9982 -0.0424
vn -0.0270 -0.9993 -0.0270
vn -0.0184 -0.9997 -0.0184
vn -0.0168 -0.9997 -0.0168
vn -0.0246 -0.9994 -0.0246
vn -0.0390 -0.9985 -0.0390
vn -0.0357 0.9956 -0.0861
vn -0.0615 0.9870 -0.1484
vn -0.0947 0.9689 -0.2285
vn -0.1371 0.9336 -0.3311
vn -0.1851 0.8752 -0.4470
vn -0.2318 0.7957 -0.5596
vn -0.2706 0.7070 -0.6533
vn -0.2989 0.6246 -0.7215
vn -0.3174 0.5588 -0.7662
vn -0.3286 0.5124 -0.7934
vn -0.3349 0.4838 -0.8085
vn -0.3428 0.4443 -0.8277
vn -0.3563 0.3648 -0.8602
vn -0.3689 0.2660 -0.8906
vn -0.3768 0.1741 -0.9098
vn -0.3810 0.0924 -0.9199
vn -0.3826 0.0226 -0.9236
vn -0.3825 -0.0342 -0.9233
vn -0.3815 -0.0781 -0.9211
vn -0.3804 -0.1091 -0.9184
vn -0.3796 -0.1270 -0.9164
vn -0.3794 -0.1316 -0.9158
vn -0.3798 -0.1217 -0.9170
vn -0.3803 -0.1107 -0.9182
vn -0.3801 -0.1163 -0.9176
vn -0.3795 -0.1288 -0.9162
vn -0.3792 -0.1344 -0.9155
vn -0.3793 -0.1333 -0.9156
vn -0.3797 -0.1254 -0.9166
vn -0.3803 -0.1108 -0.9182
vn -0.3812 -0.0891 -0.9202
vn -0.3820 -0.0604 -0.9222
vn -0.3826 -0.0246 -0.9236
vn -0.3826 0.0185 -0.9237
vn -0.3818 0.0686 -0.9217
vn -0.3791 0.1370 -0.9152
vn -0.3728 0.2253 -0.9001
vn -0.3642 0.3070 -0.8793
vn -0.3560 0.3668 -0.8595
vn -0.3497 0.4062 -0.8442
vn -0.3461 0.4269 -0.8355
vn -0.3455 0.4299 -0.8342
vn -0.3481 0.4153 -0.8404
vn -0.3536 0.3825 -0.8536
vn -0.3613 0.3300 -0.8721
vn -0.3699 0.2562 -0.8930
vn -0.3777 0.1605 -0.9119
vn -0.3820 0.0591 -0.9223
vn -0.3826 -0.0152 -0.9238
vn -0.3820 -0.0605 -0.9222
vn -0.3809 -0.0957 -0.9196
vn -0.3796 -0.1267 -0.9164
vn -0.3779 -0.1568 -0.9124
vn -0.3758 -0.1887 -0.9073
vn -0.3729 -0.2248 -0.9002
vn -0.3687 -0.2682 -0.8900
vn -0.3621 -0.3236 -0.8742
vn -0.3510 -0.3984 -0.8474
vn -0.3303 -0.5050 -0.7974
vn -0.2811 -0.6785 -0.6787
vn -0.1992 -0.8539 -0.4809
vn -0.1278 -0.9426 -0.3085
vn -0.0832 -0.9761 -0.2009
vn -0.0547 -0.9897 -0.1319
vn -0.0357 -0.9956 -0.0862
vn -0.0229 -0.9982 -0.0553
vn -0.0146 -0.9993 -0.0353
vn -0.0100 -0.9997 -0.0241
vn -0.0091 -0.9997 -0.0220
vn -0.0133 -0.9994 -0.0322
vn -0.0211 -0.9985 -0.0509
vt 0.741957 0.930206
vt 0.721830 0.926787
vt 0.762727 0.926787
vt 0.702432 0.929903
vt 0.683688 0.926786
vt 0.665662 0.929625
vt 0.648264 0.926785
vt 0.631533 0.929386
vt 0.615368 0.926784
vt 0.599780 0.929195
vt 0.584660 0.926783
vt 0.569988 0.929060
vt 0.555647 0.926782
vt 0.541587 0.928985
vt 0.527686 0.926782
vt 0.513862 0.928978
vt 0.500000 0.926781
vt 0.486138 0.928978
vt 0.472314 0.926782
vt 0.458413 0.928985
vt 0.444353 0.926782
vt 0.430012 0.929060
vt 0.415340 0.926783
vt 0.400220 0.929195
vt 0.384632 0.926784
vt 0.368467 0.929386
vt 0.351736 0.926785
vt 0.334338 0.929625
vt 0.316312 0.926786
vt 0.297568 0.929903
vt 0.278170 0.926787
vt 0.258043 0.930206
vt 0.237273 0.926787
vt 0.721801 0.925139
vt 0.762698 0.925140
vt 0.683661 0.925139
vt 0.648239 0.925138
vt 0.615347 0.925137
vt 0.584642 0.925136
vt 0.555635 0.925135
vt 0.527680 0.925134
vt 0.500000 0.925134
vt 0.472320 0.925134
vt 0.444365 0.925135
vt 0.415357 0.925136
vt 0.384653 0.925137
vt 0.351761 0.925138
vt 0.316339 0.925139
vt 0.278199 0.925139
vt 0.237302 0.925140
vt 0.721761 0.922831
vt 0.762656 0.922831
vt 0.683623 0.922830
vt 0.648205 0.922830
vt 0.615317 0.922829
vt 0.584619 0.922828
vt 0.555618 0.922827
vt 0.527671 0.922826
vt 0.500000 0.922826
vt 0.472329 0.922826
vt 0.444382 0.922827
vt 0.415381 0.922828
vt 0.384683 0.922829
vt 0.351795 0.922830
vt 0.316376 0.922830
vt 0.278239 0.922831
vt 0.237344 0.922831
vt 0.721708 0.919714
vt 0.762602 0.919714
vt 0.683574 0.919713
vt 0.648160 0.919713
vt 0.615278 0.919712
vt 0.584587 0.919711
vt 0.555596 0.919711
vt 0.527660 0.919710
vt 0.500000 0.919710
vt 0.472340 0.919710
vt 0.444404 0.919711
vt 0.415413 0.919711
vt 0.384722 0.919712
vt 0.351840 0.919713
vt 0.316426 0.919713
vt 0.278292 0.919714
vt 0.237398 0.919714
vt 0.721641 0.915650
vt 0.762533 0.915650
vt 0.683510 0.915649
vt 0.648102 0.915649
vt 0.615228 0.915648
vt 0.584547 0.915647
vt 0.555568 0.915647
vt 0.527645 0.915646
vt 0.500000 0.915646
vt 0.472355 0.915646
vt 0.444432 0.915647
vt 0.415452 0.915647
vt 0.384772 0.915648
vt 0.351898 0.915649
vt 0.316490 0.915649
vt 0.278359 0.915650
vt 0.237467 0.915650
vt 0.721559 0.910509
vt 0.762448 0.910509
vt 0.683432 0.910508
vt 0.648032 0.910508
vt 0.615167 0.910507
vt 0.584499 0.910506
vt 0.555533 0.910506
vt 0.527628 0.910506
vt 0.500000 0.910505
vt 0.472372 0.910506
vt 0.444467 0.910506
vt 0.415501 0.910506
vt 0.384833 0.910507
vt 0.351968 0.910508
vt 0.316567 0.910508
vt 0.278441 0.910508
vt 0.237552 0.910509
vt 0.721461 0.904179
vt 0.762348 0.904179
vt 0.683341 0.904179
vt 0.647949 0.904178
vt 0.615096 0.904178
vt 0.584441 0.904177
vt 0.555493 0.904177
vt 0.527607 0.904177
vt 0.500000 0.904176
vt 0.472393 0.904177
vt 0.444507 0.904177
vt 0.415559 0.904177
vt 0.384904 0.904178
vt 0.352051 0.904178
vt 0.316659 0.904179
vt 0.278538 0.904179
vt 0.237652 0.904179
vt 0.721351 0.896579
vt 0.762234 0.896579
vt 0.683237 0.896579
vt 0.647854 0.896579
vt 0.615014 0.896579
vt 0.584375 0.896578
vt 0.555446 0.896578
vt 0.527583 0.896578
vt 0.500000 0.896578
vt 0.472417 0.896578
vt 0.444554 0.896578
vt 0.415625 0.896578
vt 0.384986 0.896579
vt 0.352145 0.896579
vt 0.316763 0.896579
vt 0.278649 0.896579
vt 0.237766 0.896579
vt 0.721231 0.887672
vt 0.762111 0.887672
vt 0.683124 0.887672
vt 0.647752 0.887672
vt 0.614925 0.887672
vt 0.584304 0.887672
vt 0.555396 0.887672
vt 0.527557 0.887672
vt 0.500000 0.887671
vt 0.472443 0.887672
vt 0.444604 0.887672
vt 0.415696 0.887672
vt 0.385075 0.887672
vt 0.352248 0.887672
vt 0.316876 0.887672
vt 0.278769 0.887672
vt 0.237889 0.887672
vt 0.721106 0.877489
vt 0.761982 0.877489
vt 0.683006 0.877489
vt 0.647644 0.877489
vt 0.614832 0.877489
vt 0.584229 0.877488
vt 0.555343 0.877488
vt 0.527530 0.877488
vt 0.500000 0.877488
vt 0.472470 0.877488
vt 0.444657 0.877488
vt 0.415771 0.877488
vt 0.385168 0.877489
vt 0.352356 0.877489
vt 0.316994 0.877489
vt 0.278894 0.877489
vt 0.238018 0.877489
vt 0.720983 0.866154
vt 0.761856 0.866154
vt 0.682890 0.866154
vt 0.647539 0.866154
vt 0.614741 0.866154
vt 0.584156 0.866154
vt 0.555291 0.866154
vt 0.527503 0.866154
vt 0.500000 0.866154
vt 0.472497 0.866154
vt 0.444709 0.866154
vt 0.415844 0.866154
vt 0.385259 0.866154
vt 0.352461 0.866154
vt 0.317110 0.866154
vt 0.279017 0.866154
vt 0.238144 0.866154
vt 0.720873 0.853919
vt 0.761743 0.853919
vt 0.682787 0.853919
vt 0.647445 0.853919
vt 0.614660 0.853919
vt 0.584090 0.853919
vt 0.555244 0.853919
vt 0.527478 0.853919
vt 0.500000 0.853919
vt 0.472522 0.853919
vt 0.444756 0.853919
vt 0.415910 0.853919
vt 0.385340 0.853919
vt 0.352555 0.853919
vt 0.317213 0.853919
vt 0.279127 0.853919
vt 0.238257 0.853919
vt 0.720782 0.838516
vt 0.761649 0.838516
vt 0.682701 0.838516
vt 0.647367 0.838516
vt 0.614592 0.838516
vt 0.584035 0.838516
vt 0.555205 0.838516
vt 0.527458 0.838516
vt 0.500000 0.838516
vt 0.472542 0.838516
vt 0.444795 0.838516
vt 0.415965 0.838516
vt 0.385408 0.838516
vt 0.352633 0.838516
vt 0.317299 0.838516
vt 0.279218 0.838516
vt 0.238351 0.838516
vt 0.720751 0.822948
vt 0.761617 0.822948
vt 0.682672 0.822948
vt 0.647341 0.822948
vt 0.614569 0.822948
vt 0.584017 0.822948
vt 0.555192 0.822948
vt 0.527451 0.822948
vt 0.500000 0.822948
vt 0.472549 0.822948
vt 0.444808 0.822948
vt 0.415983 0.822948
vt 0.385431 0.822948
vt 0.352659 0.822948
vt 0.317328 0.822948
vt 0.279249 0.822948
vt 0.238383 0.822948
vt 0.720751 0.807288
vt 0.761617 0.807288
vt 0.682672 0.807288
vt 0.647341 0.807288
vt 0.614569 0.807288
vt 0.584017 0.807288
vt 0.555192 0.807288
vt 0.527451 0.807288
vt 0.500000 0.807288
vt 0.472549 0.807288
vt 0.444808 0.807288
vt 0.415983 0.807288
vt 0.385431 0.807288
vt 0.352659 0.807288
vt 0.317328 0.807288
vt 0.279249 0.807288
vt 0.238383 0.807288
vt 0.720751 0.791519
vt 0.761617 0.791519
vt 0.682672 0.791519
vt 0.647341 0.791519
vt 0.614569 0.791519
vt 0.584017 0.791519
vt 0.555192 0.791519
vt 0.527451 0.791519
vt 0.500000 0.791519
vt 0.472549 0.791519
vt 0.444808 0.791519
vt 0.415983 0.791519
vt 0.385431 0.791519
vt 0.352659 0.791519
vt 0.317328 0.791519
vt 0.279249 0.791519
vt 0.238383 0.791519
vt 0.720751 0.775768
vt 0.761617 0.775768
vt 0.682672 0.775768
vt 0.647341 0.775768
vt 0.614569 0.775768
vt 0.584017 0.775768
vt 0.555192 0.775768
vt 0.527451 0.775768
vt 0.500000 0.775768
vt 0.472549 0.775768
vt 0.444808 0.775768
vt 0.415983 0.775768
vt 0.385431 0.775768
vt 0.352659 0.775768
vt 0.317328 0.775768
vt 0.279249 0.775768
vt 0.238383 0.775768
vt 0.720751 0.760564
vt 0.761617 0.760564
vt 0.682672 0.760564
vt 0.647341 0.760564
vt 0.614569 0.760564
vt 0.584017 0.760564
vt 0.555192 0.760564
vt 0.527451 0.760564
vt 0.500000 0.760564
vt 0.472549 0.760564
vt 0.444808 0.760564
vt 0.415983 0.760564
vt 0.385431 0.760564
vt 0.352659 0.760564
vt 0.317328 0.760564
vt 0.279249 0.760564
vt 0.238383 0.760564
vt 0.721049 0.746014
vt 0.761969 0.746014
vt 0.682918 0.746014
vt 0.647539 0.746014
vt 0.614724 0.746014
vt 0.584130 0.746014
vt 0.555266 0.746014
vt 0.527488 0.746014
vt 0.500000 0.746014
vt 0.472512 0.746014
vt 0.444734 0.746014
vt 0.415870 0.746014
vt 0.385276 0.746014
vt 0.352461 0.746014
vt 0.317082 0.746014
vt 0.278951 0.746014
vt 0.238031 0.746014
vt 0.723307 0.732123
vt 0.764645 0.732123
vt 0.684787 0.732123
vt 0.649047 0.732123
vt 0.615896 0.732123
vt 0.584990 0.732123
vt 0.555831 0.732123
vt 0.527769 0.732123
vt 0.500000 0.732123
vt 0.472231 0.732123
vt 0.444169 0.732123
vt 0.415010 0.732123
vt 0.384104 0.732123
vt 0.350953 0.732123
vt 0.315213 0.732123
vt 0.276693 0.732123
vt 0.235354 0.732123
vt 0.727309 0.718892
vt 0.769388 0.718892
vt 0.688099 0.718892
vt 0.651719 0.718892
vt 0.617974 0.718892
vt 0.586514 0.718892
vt 0.556832 0.718892
vt 0.528267 0.718892
vt 0.500000 0.718892
vt 0.471733 0.718892
vt 0.443168 0.718892
vt 0.413486 0.718892
vt 0.382026 0.718892
vt 0.348281 0.718892
vt 0.311901 0.718892
vt 0.272691 0.718892
vt 0.230612 0.718892
vt 0.732562 0.706317
vt 0.775613 0.706317
vt 0.692446 0.706317
vt 0.655225 0.706317
vt 0.620701 0.706317
vt 0.588513 0.706317
vt 0.558145 0.706317
vt 0.528920 0.706317
vt 0.500000 0.706317
vt 0.471080 0.706317
vt 0.441854 0.706317
vt 0.411487 0.706317
vt 0.379299 0.706317
vt 0.344774 0.706317
vt 0.307554 0.706317
vt 0.267438 0.706317
vt 0.224387 0.706317
vt 0.738495 0.694688
vt 0.782643 0.694688
vt 0.697356 0.694688
vt 0.659185 0.694688
vt 0.623780 0.694688
vt 0.590771 0.694688
vt 0.559629 0.694688
vt 0.529658 0.694688
vt 0.500000 0.694688
vt 0.470342 0.694688
vt 0.440371 0.694688
vt 0.409228 0.694688
vt 0.376220 0.694688
vt 0.340814 0.694688
vt 0.302644 0.694688
vt 0.261505 0.694688
vt 0.217357 0.694688
vt 0.744117 0.684978
vt 0.789306 0.684978
vt 0.702009 0.684978
vt 0.662939 0.684978
vt 0.626698 0.684978
vt 0.592912 0.684978
vt 0.561035 0.684978
vt 0.530357 0.684978
vt 0.500000 0.684978
vt 0.469643 0.684978
vt 0.438965 0.684978
vt 0.407088 0.684978
vt 0.373301 0.684978
vt 0.337061 0.684978
vt 0.297991 0.684978
vt 0.255883 0.684978
vt 0.210694 0.684978
vt 0.751970 0.672657
vt 0.798612 0.672657
vt 0.708507 0.672657
vt 0.668181 0.672657
vt 0.630775 0.672657
vt 0.595901 0.672657
vt 0.562999 0.672657
vt 0.531334 0.672657
vt 0.500000 0.672657
vt 0.468666 0.672657
vt 0.437001 0.672657
vt 0.404099 0.672657
vt 0.369225 0.672657
vt 0.331819 0.672657
vt 0.291493 0.672657
vt 0.248030 0.672657
vt 0.201388 0.672657
vt 0.758616 0.662934
vt 0.806488 0.662934
vt 0.714007 0.662934
vt 0.672617 0.662934
vt 0.634224 0.662934
vt 0.598431 0.662934
vt 0.564661 0.662934
vt 0.532160 0.662934
vt 0.500000 0.662934
vt 0.467839 0.662934
vt 0.435339 0.662934
vt 0.401569 0.662934
vt 0.365776 0.662934
vt 0.327383 0.662934
vt 0.285993 0.662934
vt 0.241384 0.662934
vt 0.193512 0.662934
vt 0.764165 0.655131
vt 0.813063 0.655131
vt 0.718599 0.655131
vt 0.676321 0.655131
vt 0.637105 0.655131
vt 0.600543 0.655131
vt 0.566048 0.655131
vt 0.532851 0.655131
vt 0.500000 0.655131
vt 0.467149 0.655131
vt 0.433952 0.655131
vt 0.399457 0.655131
vt 0.362895 0.655131
vt 0.323679 0.655131
vt 0.281401 0.655131
vt 0.235835 0.655131
vt 0.186937 0.655131
vt 0.768848 0.648696
vt 0.818612 0.648696
vt 0.722474 0.648696
vt 0.679447 0.648696
vt 0.639535 0.648696
vt 0.602326 0.648696
vt 0.567219 0.648696
vt 0.533433 0.648696
vt 0.500000 0.648696
vt 0.466567 0.648696
vt 0.432781 0.648696
vt 0.397674 0.648696
vt 0.360465 0.648696
vt 0.320553 0.648696
vt 0.277526 0.648696
vt 0.231152 0.648695
vt 0.181388 0.648695
vt 0.772928 0.643163
vt 0.823447 0.643163
vt 0.725851 0.643163
vt 0.682170 0.643163
vt 0.641653 0.643163
vt 0.603879 0.643163
vt 0.568239 0.643163
vt 0.533940 0.643163
vt 0.500000 0.643163
vt 0.466060 0.643163
vt 0.431761 0.643163
vt 0.396121 0.643163
vt 0.358347 0.643163
vt 0.317830 0.643163
vt 0.274149 0.643163
vt 0.227072 0.643163
vt 0.176553 0.643163
vt 0.776670 0.638126
vt 0.827882 0.638126
vt 0.728947 0.638126
vt 0.684668 0.638126
vt 0.643595 0.638126
vt 0.605303 0.638126
vt 0.569175 0.638126
vt 0.534406 0.638126
vt 0.500000 0.638126
vt 0.465594 0.638126
vt 0.430825 0.638126
vt 0.394697 0.638126
vt 0.356405 0.638126
vt 0.315332 0.638126
vt 0.271053 0.638126
vt 0.223330 0.638126
vt 0.172118 0.638126
vt 0.780341 0.633201
vt 0.832232 0.633201
vt 0.731986 0.633201
vt 0.687119 0.633201
vt 0.645501 0.633201
vt 0.606701 0.633201
vt 0.570093 0.633201
vt 0.534862 0.633201
vt 0.500000 0.633201
vt 0.465137 0.633201
vt 0.429907 0.633201
vt 0.393299 0.633201
vt 0.354499 0.633201
vt 0.312881 0.633201
vt 0.268014 0.633201
vt 0.219659 0.633201
vt 0.167768 0.633201
vt 0.784217 0.628001
vt 0.836825 0.628001
vt 0.735193 0.628001
vt 0.689706 0.628001
vt 0.647513 0.628001
vt 0.608176 0.628001
vt 0.571062 0.628001
vt 0.535345 0.628001
vt 0.500000 0.628001
vt 0.464655 0.628001
vt 0.428938 0.628001
vt 0.391824 0.628001
vt 0.352487 0.628001
vt 0.310294 0.628001
vt 0.264807 0.628001
vt 0.215783 0.628001
vt 0.163174 0.628001
vt 0.788584 0.622117
vt 0.842000 0.622117
vt 0.738807 0.622117
vt 0.692621 0.622117
vt 0.649780 0.622117
vt 0.609838 0.622117
vt 0.572154 0.622117
vt 0.535888 0.622117
vt 0.500000 0.622117
vt 0.464112 0.622117
vt 0.427846 0.622117
vt 0.390162 0.622117
vt 0.350220 0.622117
vt 0.307379 0.622117
vt 0.261193 0.622117
vt 0.211416 0.622117
vt 0.158000 0.622117
vt 0.794616 0.615098
vt 0.849335 0.615098
vt 0.743696 0.615098
vt 0.696501 0.615098
vt 0.652761 0.615098
vt 0.612005 0.615098
vt 0.573570 0.615098
vt 0.536589 0.615098
vt 0.500000 0.615098
vt 0.463411 0.615098
vt 0.426430 0.615098
vt 0.387995 0.615098
vt 0.347239 0.615098
vt 0.303499 0.615098
vt 0.256304 0.615098
vt 0.205384 0.615098
vt 0.150664 0.615098
vt 0.804154 0.606431
vt 0.861304 0.606431
vt 0.751221 0.606431
vt 0.702343 0.606431
vt 0.657171 0.606431
vt 0.615171 0.606431
vt 0.575619 0.606431
vt 0.537600 0.606431
vt 0.500000 0.606431
vt 0.462400 0.606431
vt 0.424381 0.606431
vt 0.384829 0.606431
vt 0.342828 0.606431
vt 0.297657 0.606431
vt 0.248779 0.606431
vt 0.195846 0.606431
vt 0.138696 0.606431
vt 0.818336 0.595809
vt 0.879348 0.595809
vt 0.762262 0.595809
vt 0.710811 0.595809
vt 0.663501 0.595809
vt 0.619678 0.595809
vt 0.578521 0.595809
vt 0.539026 0.595809
vt 0.500000 0.595809
vt 0.460973 0.595809
vt 0.421479 0.595809
vt 0.380322 0.595809
vt 0.336499 0.595809
vt 0.289189 0.595809
vt 0.237738 0.595809
vt 0.181664 0.595809
vt 0.120651 0.595809
vt 0.845921 0.573956
vt 0.922168 0.573956
vt 0.787019 0.573956
vt 0.731041 0.573956
vt 0.678605 0.573956
vt 0.630419 0.573956
vt 0.585428 0.573956
vt 0.542419 0.573956
vt 0.500000 0.573956
vt 0.457581 0.573956
vt 0.414572 0.573956
vt 0.369581 0.573956
vt 0.321395 0.573956
vt 0.268959 0.573956
vt 0.212981 0.573956
vt 0.154079 0.573956
vt 0.077832 0.573956
vt 0.869074 0.553524
vt 0.960049 0.553524
vt 0.806148 0.553524
vt 0.747580 0.553524
vt 0.693054 0.553524
vt 0.640968 0.553524
vt 0.592259 0.553524
vt 0.545787 0.553524
vt 0.500000 0.553524
vt 0.454212 0.553524
vt 0.407741 0.553524
vt 0.359032 0.553524
vt 0.306946 0.553524
vt 0.252420 0.553524
vt 0.193852 0.553524
vt 0.130926 0.553524
vt 0.039951 0.553524
vt 0.887715 0.537701
vt 0.982674 0.537701
vt 0.821309 0.537701
vt 0.759676 0.537701
vt 0.702396 0.537701
vt 0.648443 0.537701
vt 0.597159 0.537701
vt 0.548221 0.537701
vt 0.500000 0.537701
vt 0.451779 0.537701
vt 0.402841 0.537701
vt 0.351557 0.537701
vt 0.297604 0.537701
vt 0.240323 0.537701
vt 0.178691 0.537701
vt 0.112285 0.537701
vt 0.017326 0.537701
vt 0.902154 0.524740
vt 0.996831 0.524740
vt 0.833043 0.524739
vt 0.769000 0.524739
vt 0.709552 0.524739
vt 0.653941 0.524739
vt 0.600799 0.524739
vt 0.550039 0.524739
vt 0.500000 0.524739
vt 0.449961 0.524739
vt 0.399201 0.524739
vt 0.346059 0.524739
vt 0.290448 0.524739
vt 0.231000 0.524739
vt 0.166957 0.524739
vt 0.097846 0.524739
vt 0.003168 0.524740
vt 0.913708 0.513610
vt 1.006252 0.513613
vt 0.842445 0.513608
vt 0.776463 0.513607
vt 0.715265 0.513606
vt 0.658141 0.513605
vt 0.603658 0.513605
vt 0.551473 0.513605
vt 0.500000 0.513604
vt 0.448527 0.513605
vt 0.396342 0.513605
vt 0.341859 0.513605
vt 0.284735 0.513606
vt 0.223536 0.513607
vt 0.157555 0.513608
vt 0.086292 0.513610
vt -0.006252 0.513613
vt 0.923445 0.503644
vt 1.012692 0.503653
vt 0.850389 0.503638
vt 0.782771 0.503633
vt 0.720088 0.503629
vt 0.661610 0.503627
vt 0.606046 0.503625
vt 0.552675 0.503624
vt 0.500000 0.503623
vt 0.447325 0.503624
vt 0.393954 0.503625
vt 0.338390 0.503626
vt 0.279912 0.503629
vt 0.217229 0.503633
vt 0.149611 0.503638
vt 0.076555 0.503644
vt -0.012692 0.503653
vt 0.933614 0.492958
vt 1.018645 0.492980
vt 0.858711 0.492941
vt 0.789386 0.492928
vt 0.725142 0.492918
vt 0.665240 0.492911
vt 0.608520 0.492907
vt 0.553924 0.492904
vt 0.500000 0.492903
vt 0.446076 0.492904
vt 0.391480 0.492907
vt 0.334760 0.492911
vt 0.274858 0.492918
vt 0.210614 0.492928
vt 0.141289 0.492941
vt 0.066386 0.492958
vt -0.018645 0.492980
vt 0.941363 0.484107
vt 1.024415 0.484147
vt 0.865111 0.484075
vt 0.794493 0.484051
vt 0.729047 0.484033
vt 0.668037 0.484021
vt 0.610394 0.484013
vt 0.554877 0.484008
vt 0.500000 0.484006
vt 0.445123 0.484008
vt 0.389606 0.484013
vt 0.331963 0.484021
vt 0.270953 0.484033
vt 0.205507 0.484051
vt 0.134889 0.484075
vt 0.058637 0.484107
vt -0.024416 0.484147
vt 0.947963 0.475286
vt 1.030895 0.475352
vt 0.870670 0.475235
vt 0.798971 0.475196
vt 0.732480 0.475168
vt 0.670491 0.475147
vt 0.611999 0.475134
vt 0.555703 0.475126
vt 0.500000 0.475124
vt 0.444297 0.475126
vt 0.388001 0.475134
vt 0.329509 0.475147
vt 0.267520 0.475168
vt 0.201028 0.475196
vt 0.129330 0.475235
vt 0.052037 0.475286
vt -0.030895 0.475352
vt 0.954118 0.466198
vt 1.038185 0.466295
vt 0.875782 0.466122
vt 0.803101 0.466065
vt 0.735686 0.466022
vt 0.672835 0.465992
vt 0.613537 0.465972
vt 0.556470 0.465961
vt 0.500000 0.465957
vt 0.443530 0.465961
vt 0.386463 0.465972
vt 0.327165 0.465992
vt 0.264314 0.466022
vt 0.196899 0.466065
vt 0.124218 0.466122
vt 0.045882 0.466198
vt -0.038185 0.466294
vt 0.961117 0.456482
vt 1.046479 0.456616
vt 0.881574 0.456377
vt 0.807773 0.456297
vt 0.739318 0.456238
vt 0.675499 0.456196
vt 0.615287 0.456169
vt 0.557341 0.456153
vt 0.500000 0.456147
vt 0.442659 0.456153
vt 0.384713 0.456169
vt 0.324501 0.456196
vt 0.260682 0.456238
vt 0.192227 0.456297
vt 0.118426 0.456377
vt 0.038884 0.456482
vt -0.046480 0.456616
vt 0.969221 0.445489
vt 1.056085 0.445816
vt 0.888281 0.445504
vt 0.813182 0.445399
vt 0.743524 0.445322
vt 0.678583 0.445266
vt 0.617314 0.445230
vt 0.558348 0.445209
vt 0.500000 0.445202
vt 0.441651 0.445209
vt 0.382687 0.445230
vt 0.321417 0.445266
vt 0.256476 0.445322
vt 0.186818 0.445399
vt 0.111719 0.445504
vt 0.030779 0.445489
vt -0.056085 0.445815
vt 0.977806 0.433854
vt 1.066259 0.434454
vt 0.895385 0.433894
vt 0.818912 0.433932
vt 0.747980 0.433859
vt 0.681851 0.433792
vt 0.619460 0.433747
vt 0.559416 0.433722
vt 0.500000 0.433713
vt 0.440584 0.433722
vt 0.380540 0.433747
vt 0.318149 0.433792
vt 0.252020 0.433859
vt 0.181088 0.433932
vt 0.104615 0.433894
vt 0.022194 0.433854
vt -0.066259 0.434453
vt 0.989278 0.417930
vt 1.079854 0.418718
vt 0.904878 0.417961
vt 0.826569 0.417995
vt 0.753934 0.418033
vt 0.686217 0.417985
vt 0.622328 0.417934
vt 0.560843 0.417905
vt 0.500000 0.417896
vt 0.439157 0.417905
vt 0.377672 0.417934
vt 0.313783 0.417985
vt 0.246066 0.418033
vt 0.173431 0.417995
vt 0.095122 0.417961
vt 0.010722 0.417930
vt -0.079854 0.418718
vt 1.002847 0.397092
vt 1.095935 0.397783
vt 0.916106 0.397101
vt 0.835626 0.397118
vt 0.760976 0.397142
vt 0.691381 0.397172
vt 0.625721 0.397127
vt 0.562530 0.397101
vt 0.500000 0.397092
vt 0.437470 0.397101
vt 0.374280 0.397127
vt 0.308619 0.397172
vt 0.239024 0.397142
vt 0.164374 0.397118
vt 0.083894 0.397101
vt -0.002847 0.397092
vt -0.095935 0.397783
vt 1.016343 0.370252
vt 1.111929 0.370344
vt 0.927274 0.370249
vt 0.844634 0.370250
vt 0.767980 0.370254
vt 0.696517 0.370261
vt 0.629095 0.370259
vt 0.564208 0.370251
vt 0.500000 0.370249
vt 0.435792 0.370251
vt 0.370905 0.370259
vt 0.303483 0.370261
vt 0.232020 0.370254
vt 0.155366 0.370250
vt 0.072726 0.370249
vt -0.016343 0.370252
vt -0.111929 0.370344
vt 1.024924 0.339883
vt 1.122099 0.339883
vt 0.934375 0.339883
vt 0.850361 0.339883
vt 0.772434 0.339883
vt 0.699783 0.339883
vt 0.631240 0.339883
vt 0.565275 0.339883
vt 0.500000 0.339883
vt 0.434725 0.339883
vt 0.368760 0.339883
vt 0.300217 0.339883
vt 0.227566 0.339883
vt 0.149639 0.339883
vt 0.065625 0.339883
vt -0.024924 0.339883
vt -0.122099 0.339883
vt 1.026194 0.307368
vt 1.123605 0.307368
vt 0.935426 0.307368
vt 0.851209 0.307368
vt 0.773093 0.307368
vt 0.700267 0.307368
vt 0.631558 0.307368
vt 0.565433 0.307368
vt 0.500000 0.307368
vt 0.434567 0.307368
vt 0.368442 0.307368
vt 0.299733 0.307368
vt 0.226907 0.307368
vt 0.148791 0.307368
vt 0.064574 0.307368
vt -0.026194 0.307368
vt -0.123605 0.307368
vt 1.026194 0.272437
vt 1.123605 0.272437
vt 0.935426 0.272437
vt 0.851209 0.272437
vt 0.773093 0.272437
vt 0.700267 0.272437
vt 0.631558 0.272437
vt 0.565433 0.272437
vt 0.500000 0.272437
vt 0.434567 0.272437
vt 0.368442 0.272437
vt 0.299733 0.272437
vt 0.226907 0.272437
vt 0.148791 0.272437
vt 0.064574 0.272437
vt -0.026194 0.272437
vt -0.123605 0.272437
vt 1.027152 0.236570
vt 1.124590 0.236570
vt 0.936329 0.236570
vt 0.852030 0.236571
vt 0.773804 0.236571
vt 0.700840 0.236572
vt 0.631966 0.236572
vt 0.565646 0.236572
vt 0.500000 0.236572
vt 0.434354 0.236572
vt 0.368035 0.236572
vt 0.299160 0.236572
vt 0.226196 0.236571
vt 0.147970 0.236571
vt 0.063671 0.236570
vt -0.027152 0.236570
vt -0.124590 0.236570
vt 1.027981 0.201427
vt 1.125443 0.201427
vt 0.937110 0.201428
vt 0.852739 0.201429
vt 0.774418 0.201430
vt 0.701334 0.201432
vt 0.632315 0.201433
vt 0.565825 0.201434
vt 0.500000 0.201434
vt 0.434175 0.201434
vt 0.367685 0.201433
vt 0.298666 0.201432
vt 0.225583 0.201430
vt 0.147261 0.201429
vt 0.062890 0.201428
vt -0.027981 0.201427
vt -0.125443 0.201427
vt 1.028944 0.167781
vt 1.126433 0.167780
vt 0.938016 0.167782
vt 0.853562 0.167785
vt 0.775128 0.167788
vt 0.701904 0.167791
vt 0.632716 0.167793
vt 0.566031 0.167795
vt 0.500000 0.167796
vt 0.433969 0.167795
vt 0.367284 0.167793
vt 0.298096 0.167791
vt 0.224872 0.167788
vt 0.146438 0.167785
vt 0.061984 0.167782
vt -0.028944 0.167781
vt -0.126433 0.167780
vt 1.029921 0.119700
vt 1.127439 0.119703
vt 0.938936 0.119696
vt 0.854396 0.119690
vt 0.775848 0.119683
vt 0.702481 0.119676
vt 0.633121 0.119669
vt 0.566238 0.119665
vt 0.500000 0.119663
vt 0.433762 0.119665
vt 0.366879 0.119669
vt 0.297519 0.119676
vt 0.224152 0.119683
vt 0.145604 0.119691
vt 0.061064 0.119696
vt -0.029921 0.119700
vt -0.127439 0.119702
vt 1.030779 0.050891
vt 1.128323 0.050889
vt 0.939744 0.050895
vt 0.855128 0.050900
vt 0.776479 0.050907
vt 0.702985 0.050914
vt 0.633474 0.050920
vt 0.566418 0.050924
vt 0.500000 0.050926
vt 0.433582 0.050924
vt 0.366526 0.050920
vt 0.297015 0.050914
vt 0.223521 0.050907
vt 0.144872 0.050900
vt 0.060256 0.050895
vt -0.030779 0.050891
vt -0.128323 0.050889
vt 1.030904 0.047738
vt 1.128452 0.047736
vt 0.939862 0.047742
vt 0.855235 0.047748
vt 0.776571 0.047754
vt 0.703059 0.047761
vt 0.633526 0.047768
vt 0.566444 0.047772
vt 0.500000 0.047774
vt 0.433556 0.047772
vt 0.366475 0.047768
vt 0.296941 0.047761
vt 0.223429 0.047754
vt 0.144766 0.047748
vt 0.060138 0.047742
vt -0.030904 0.047738
vt -0.128452 0.047736
vt 1.031004 0.045250
vt 1.128555 0.045248
vt 0.939956 0.045254
vt 0.855320 0.045260
vt 0.776644 0.045267
vt 0.703117 0.045274
vt 0.633567 0.045281
vt 0.566465 0.045285
vt 0.500000 0.045287
vt 0.433535 0.045285
vt 0.366434 0.045281
vt 0.296883 0.045274
vt 0.223356 0.045267
vt 0.144680 0.045260
vt 0.060044 0.045254
vt -0.031004 0.045250
vt -0.128555 0.045248
vt 1.031082 0.043342
vt 1.128635 0.043340
vt 0.940029 0.043346
vt 0.855386 0.043352
vt 0.776701 0.043359
vt 0.703163 0.043367
vt 0.633598 0.043374
vt 0.566482 0.043378
vt 0.500000 0.043380
vt 0.433519 0.043378
vt 0.366402 0.043374
vt 0.296837 0.043367
vt 0.223299 0.043359
vt 0.144614 0.043352
vt 0.059971 0.043346
vt -0.031082 0.043342
vt -0.128635 0.043340
vt 1.031140 0.041931
vt 1.128694 0.041929
vt 0.940084 0.041935
vt 0.855435 0.041941
vt 0.776744 0.041948
vt 0.703197 0.041956
vt 0.633622 0.041963
vt 0.566494 0.041968
vt 0.500000 0.041970
vt 0.433507 0.041968
vt 0.366378 0.041963
vt 0.296803 0.041956
vt 0.223256 0.041949
vt 0.144565 0.041941
vt 0.059916 0.041935
vt -0.031140 0.041931
vt -0.128694 0.041929
vt 1.031181 0.040932
vt 1.128737 0.040930
vt 0.940122 0.040936
vt 0.855470 0.040942
vt 0.776774 0.040950
vt 0.703221 0.040957
vt 0.633639 0.040964
vt 0.566502 0.040969
vt 0.500000 0.040971
vt 0.433498 0.040969
vt 0.366361 0.040964
vt 0.296779 0.040957
vt 0.223226 0.040950
vt 0.144530 0.040942
vt 0.059878 0.040936
vt -0.031181 0.040932
vt -0.128737 0.040930
vt 1.031209 0.040261
vt 1.128765 0.040259
vt 0.940148 0.040266
vt 0.855494 0.040272
vt 0.776794 0.040279
vt 0.703237 0.040287
vt 0.633650 0.040294
vt 0.566508 0.040299
vt 0.500000 0.040301
vt 0.433492 0.040299
vt 0.366350 0.040294
vt 0.296763 0.040287
vt 0.223206 0.040279
vt 0.144506 0.040272
vt 0.059852 0.040266
vt -0.031209 0.040261
vt -0.128765 0.040259
vt 1.031226 0.039835
vt 1.128783 0.039833
vt 0.940165 0.039840
vt 0.855509 0.039846
vt 0.776807 0.039853
vt 0.703248 0.039861
vt 0.633658 0.039868
vt 0.566512 0.039873
vt 0.500000 0.039875
vt 0.433488 0.039873
vt 0.366343 0.039868
vt 0.296752 0.039861
vt 0.223193 0.039853
vt 0.144491 0.039846
vt 0.059835 0.039840
vt -0.031226 0.039835
vt -0.128783 0.039833
vt 1.031237 0.039571
vt 1.128795 0.039568
vt 0.940175 0.039575
vt 0.855519 0.039581
vt 0.776816 0.039589
vt 0.703254 0.039596
vt 0.633662 0.039604
vt 0.566514 0.039609
vt 0.500000 0.039611
vt 0.433486 0.039609
vt 0.366338 0.039604
vt 0.296746 0.039597
vt 0.223185 0.039589
vt 0.144482 0.039581
vt 0.059825 0.039575
vt -0.031237 0.039571
vt -0.128795 0.039568
vt 1.031245 0.039383
vt 1.128803 0.039381
vt 0.940183 0.039388
vt 0.855525 0.039394
vt 0.776821 0.039401
vt 0.703259 0.039409
vt 0.633665 0.039416
vt 0.566516 0.039421
vt 0.500000 0.039423
vt 0.433485 0.039421
vt 0.366335 0.039416
vt 0.296741 0.039409
vt 0.223179 0.039402
vt 0.144475 0.039394
vt 0.059817 0.039388
vt -0.031245 0.039383
vt -0.128803 0.039381
vt 1.031253 0.039190
vt 1.128811 0.039188
vt 0.940190 0.039195
vt 0.855532 0.039201
vt 0.776827 0.039208
vt 0.703263 0.039216
vt 0.633668 0.039223
vt 0.566517 0.039228
vt 0.500000 0.039230
vt 0.433483 0.039228
vt 0.366332 0.039223
vt 0.296737 0.039216
vt 0.223173 0.039209
vt 0.144468 0.039201
vt 0.059810 0.039195
vt -0.031253 0.039190
vt -0.128811 0.039188
vt 1.031265 0.038908
vt 1.128823 0.038905
vt 0.940201 0.038912
vt 0.855542 0.038918
vt 0.776836 0.038926
vt 0.703270 0.038934
vt 0.633673 0.038941
vt 0.566520 0.038946
vt 0.500000 0.038948
vt 0.433480 0.038946
vt 0.366327 0.038941
vt 0.296730 0.038934
vt 0.223164 0.038926
vt 0.144458 0.038918
vt 0.059799 0.038912
vt -0.031265 0.038907
vt -0.128823 0.038905
vt 1.079246 0.035806
vt 0.984923 0.036207
vt 0.897095 0.036563
vt 0.815491 0.036859
vt 0.739478 0.037082
vt 0.668066 0.037225
vt 0.599901 0.037279
vt 0.533300 0.037232
vt 0.466700 0.037232
vt 0.400099 0.037279
vt 0.331935 0.037225
vt 0.260522 0.037082
vt 0.184509 0.036859
vt 0.102905 0.036563
vt 0.015077 0.036207
vt -0.079246 0.035806
s 1
usemtl Material.003
f 1/1/1 74/2/74 2/3/2
f 1/4/1 145/5/145 74/2/74
f 1/6/1 216/7/216 145/5/145
f 1/8/1 287/9/287 216/7/216
f 1/10/1 358/11/358 287/9/287
f 1/12/1 429/13/429 358/11/358
f 1/14/1 500/15/500 429/13/429
f 1/16/1 571/17/571 500/15/500
f 1/18/1 642/19/642 571/17/571
f 1/20/1 713/21/713 642/19/642
f 1/22/1 784/23/784 713/21/713
f 1/24/1 855/25/855 784/23/784
f 1/26/1 926/27/926 855/25/855
f 1/28/1 997/29/997 926/27/926
f 1/30/1 1068/31/1068 997/29/997
f 1/32/1 2/33/2 1068/31/1068
f 2/3/2 74/2/74 75/34/75 3/35/3
f 74/2/74 145/5/145 146/36/146 75/34/75
f 145/5/145 216/7/216 217/37/217 146/36/146
f 216/7/216 287/9/287 288/38/288 217/37/217
f 287/9/287 358/11/358 359/39/359 288/38/288
f 358/11/358 429/13/429 430/40/430 359/39/359
f 429/13/429 500/15/500 501/41/501 430/40/430
f 500/15/500 571/17/571 572/42/572 501/41/501
f 571/17/571 642/19/642 643/43/643 572/42/572
f 642/19/642 713/21/713 714/44/714 643/43/643
f 713/21/713 784/23/784 785/45/785 714/44/714
f 784/23/784 855/25/855 856/46/856 785/45/785
f 855/25/855 926/27/926 927/47/927 856/46/856
f 926/27/926 997/29/997 998/48/998 927/47/927
f 997/29/997 1068/31/1068 1069/49/1069 998/48/998
f 1068/31/1068 2/33/2 3/50/3 1069/49/1069
f 3/35/3 75/34/75 76/51/76 4/52/4
f 75/34/75 146/36/146 147/53/147 76/51/76
f 146/36/146 217/37/217 218/54/218 147/53/147
f 217/37/217 288/38/288 289/55/289 218/54/218
f 288/38/288 359/39/359 360/56/360 289/55/289
f 359/39/359 430/40/430 431/57/431 360/56/360
f 430/40/430 501/41/501 502/58/502 431/57/431
f 501/41/501 572/42/572 573/59/573 502/58/502
f 572/42/572 643/43/643 644/60/644 573/59/573
f 643/43/643 714/44/714 715/61/715 644/60/644
f 714/44/714 785/45/785 786/62/786 715/61/715
f 785/45/785 856/46/856 857/63/857 786/62/786
f 856/46/856 927/47/927 928/64/928 857/63/857
f 927/47/927 998/48/998 999/65/999 928/64/928
f 998/48/998 1069/49/1069 1070/66/1070 999/65/999
f 1069/49/1069 3/50/3 4/67/4 1070/66/1070
f 4/52/4 76/51/76 77/68/77 5/69/5
f 76/51/76 147/53/147 148/70/148 77/68/77
f 147/53/147 218/54/218 219/71/219 148/70/148
f 218/54/218 289/55/289 290/72/290 219/71/219
f 289/55/289 360/56/360 361/73/361 290/72/290
f 360/56/360 431/57/431 432/74/432 361/73/361
f 431/57/431 502/58/502 503/75/503 432/74/432
f 502/58/502 573/59/573 574/76/574 503/75/503
f 573/59/573 644/60/644 645/77/645 574/76/574
f 644/60/644 715/61/715 716/78/716 645/77/645
f 715/61/715 786/62/786 787/79/787 716/78/716
f 786/62/786 857/63/857 858/80/858 787/79/787
f 857/63/857 928/64/928 929/81/929 858/80/858
f 928/64/928 999/65/999 1000/82/1000 929/81/929
f 999/65/999 1070/66/1070 1071/83/1071 1000/82/1000
f 1070/66/1070 4/67/4 5/84/5 1071/83/1071
f 5/69/5 77/68/77 78/85/78 6/86/6
f 77/68/77 148/70/148 149/87/149 78/85/78
f 148/70/148 219/71/219 220/88/220 149/87/149
f 219/71/219 290/72/290 291/89/291 220/88/220
f 290/72/290 361/73/361 362/90/362 291/89/291
f 361/73/361 432/74/432 433/91/433 362/90/362
f 432/74/432 503/75/503 504/92/504 433/91/433
f 503/75/503 574/76/574 575/93/575 504/92/504
f 574/76/574 645/77/645 646/94/646 575/93/575
f 645/77/645 716/78/716 717/95/717 646/94/646
f 716/78/716 787/79/787 788/96/788 717/95/717
f 787/79/787 858/80/858 859/97/859 788/96/788
f 858/80/858 929/81/929 930/98/930 859/97/859
f 929/81/929 1000/82/1000 1001/99/1001 930/98/930
f 1000/82/1000 1071/83/1071 1072/100/1072 1001/99/1001
f 1071/83/1071 5/84/5 6/101/6 1072/100/1072
f 6/86/6 78/85/78 79/102/79 7/103/7
f 78/85/78 149/87/149 150/104/150 79/102/79
f 149/87/149 220/88/220 221/105/221 150/104/150
f 220/88/220 291/89/291 292/106/292 221/105/221
f 291/89/291 362/90/362 363/107/363 292/106/292
f 362/90/362 433/91/433 434/108/434 363/107/363
f 433/91/433 504/92/504 505/109/505 434/108/434
f 504/92/504 575/93/575 576/110/576 505/109/505
f 575/93/575 646/94/646 647/111/647 576/110/576
f 646/94/646 717/95/717 718/112/718 647/111/647
f 717/95/717 788/96/788 789/113/789 718/112/718
f 788/96/788 859/97/859 860/114/860 789/113/789
f 859/97/859 930/98/930 931/115/931 860/114/860
f 930/98/930 1001/99/1001 1002/116/1002 931/115/931
f 1001/99/1001 1072/100/1072 1073/117/1073 1002/116/1002
f 1072/100/1072 6/101/6 7/118/7 1073/117/1073
f 7/103/7 79/102/79 80/119/80 8/120/8
f 79/102/79 150/104/150 151/121/151 80/119/80
f 150/104/150 221/105/221 222/122/222 151/121/151
f 221/105/221 292/106/292 293/123/293 222/122/222
f 292/106/292 363/107/363 364/124/364 293/123/293
f 363/107/363 434/108/434 435/125/435 364/124/364
f 434/108/434 505/109/505 506/126/506 435/125/435
f 505/109/505 576/110/576 577/127/577 506/126/506
f 576/110/576 647/111/647 648/128/648 577/127/577
f 647/111/647 718/112/718 719/129/719 648/128/648
f 718/112/718 789/113/789 790/130/790 719/129/719
f 789/113/789 860/114/860 861/131/861 790/130/790
f 860/114/860 931/115/931 932/132/932 861/131/861
f 931/115/931 1002/116/1002 1003/133/1003 932/132/932
f 1002/116/1002 1073/117/1073 1074/134/1074 1003/133/1003
f 1073/117/1073 7/118/7 8/135/8 1074/134/1074
f 8/120/8 80/119/80 81/136/81 9/137/9
f 80/119/80 151/121/151 152/138/152 81/136/81
f 151/121/151 222/122/222 223/139/223 152/138/152
f 222/122/222 293/123/293 294/140/294 223/139/223
f 293/123/293 364/124/364 365/141/365 294/140/294
f 364/124/364 435/125/435 436/142/436 365/141/365
f 435/125/435 506/126/506 507/143/507 436/142/436
f 506/126/506 577/127/577 578/144/578 507/143/507
f 577/127/577 648/128/648 649/145/649 578/144/578
f 648/128/648 719/129/719 720/146/720 649/145/649
f 719/129/719 790/130/790 791/147/791 720/146/720
f 790/130/790 861/131/861 862/148/862 791/147/791
f 861/131/861 932/132/932 933/149/933 862/148/862
f 932/132/932 1003/133/1003 1004/150/1004 933/149/933
f 1003/133/1003 1074/134/1074 1075/151/1075 1004/150/1004
f 1074/134/1074 8/135/8 9/152/9 1075/151/1075
f 9/137/9 81/136/81 82/153/82 10/154/10
f 81/136/81 152/138/152 153/155/153 82/153/82
f 152/138/152 223/139/223 224/156/224 153/155/153
f 223/139/223 294/140/294 295/157/295 224/156/224
f 294/140/294 365/141/365 366/158/366 295/157/295
f 365/141/365 436/142/436 437/159/437 366/158/366
f 436/142/436 507/143/507 508/160/508 437/159/437
f 507/143/507 578/144/578 579/161/579 508/160/508
f 578/144/578 649/145/649 650/162/650 579/161/579
f 649/145/649 720/146/720 721/163/721 650/162/650
f 720/146/720 791/147/791 792/164/792 721/163/721
f 791/147/791 862/148/862 863/165/863 792/164/792
f 862/148/862 933/149/933 934/166/934 863/165/863
f 933/149/933 1004/150/1004 1005/167/1005 934/166/934
f 1004/150/1004 1075/151/1075 1076/168/1076 1005/167/1005
f 1075/151/1075 9/152/9 10/169/10 1076/168/1076
f 10/154/10 82/153/82 83/170/83 11/171/11
f 82/153/82 153/155/153 154/172/154 83/170/83
f 153/155/153 224/156/224 225/173/225 154/172/154
f 224/156/224 295/157/295 296/174/296 225/173/225
f 295/157/295 366/158/366 367/175/367 296/174/296
f 366/158/366 437/159/437 438/176/438 367/175/367
f 437/159/437 508/160/508 509/177/509 438/176/438
f 508/160/508 579/161/579 580/178/580 509/177/509
f 579/161/579 650/162/650 651/179/651 580/178/580
f 650/162/650 721/163/721 722/180/722 651/179/651
f 721/163/721 792/164/792 793/181/793 722/180/722
f 792/164/792 863/165/863 864/182/864 793/181/793
f 863/165/863 934/166/934 935/183/935 864/182/864
f 934/166/934 1005/167/1005 1006/184/1006 935/183/935
f 1005/167/1005 1076/168/1076 1077/185/1077 1006/184/1006
f 1076/168/1076 10/169/10 11/186/11 1077/185/1077
f 11/171/11 83/170/83 84/187/84 12/188/12
f 83/170/83 154/172/154 155/189/155 84/187/84
f 154/172/154 225/173/225 226/190/226 155/189/155
f 225/173/225 296/174/296 297/191/297 226/190/226
f 296/174/296 367/175/367 368/192/368 297/191/297
f 367/175/367 438/176/438 439/193/439 368/192/368
f 438/176/438 509/177/509 510/194/510 439/193/439
f 509/177/509 580/178/580 581/195/581 510/194/510
f 580/178/580 651/179/651 652/196/652 581/195/581
f 651/179/651 722/180/722 723/197/723 652/196/652
f 722/180/722 793/181/793 794/198/794 723/197/723
f 793/181/793 864/182/864 865/199/865 794/198/794
f 864/182/864 935/183/935 936/200/936 865/199/865
f 935/183/935 1006/184/1006 1007/201/1007 936/200/936
f 1006/184/1006 1077/185/1077 1078/202/1078 1007/201/1007
f 1077/185/1077 11/186/11 12/203/12 1078/202/1078
f 12/188/12 84/187/84 85/204/85 13/205/13
f 84/187/84 155/189/155 156/206/156 85/204/85
f 155/189/155 226/190/226 227/207/227 156/206/156
f 226/190/226 297/191/297 298/208/298 227/207/227
f 297/191/297 368/192/368 369/209/369 298/208/298
f 368/192/368 439/193/439 440/210/440 369/209/369
f 439/193/439 510/194/510 511/211/511 440/210/440
f 510/194/510 581/195/581 582/212/582 511/211/511
f 581/195/581 652/196/652 653/213/653 582/212/582
f 652/196/652 723/197/723 724/214/724 653/213/653
f 723/197/723 794/198/794 795/215/795 724/214/724
f 794/198/794 865/199/865 866/216/866 795/215/795
f 865/199/865 936/200/936 937/217/937 866/216/866
f 936/200/936 1007/201/1007 1008/218/1008 937/217/937
f 1007/201/1007 1078/202/1078 1079/219/1079 1008/218/1008
f 1078/202/1078 12/203/12 13/220/13 1079/219/1079
f 13/205/13 85/204/85 86/221/86 14/222/14
f 85/204/85 156/206/156 157/223/157 86/221/86
f 156/206/156 227/207/227 228/224/228 157/223/157
f 227/207/227 298/208/298 299/225/299 228/224/228
f 298/208/298 369/209/369 370/226/370 299/225/299
f 369/209/369 440/210/440 441/227/441 370/226/370
f 440/210/440 511/211/511 512/228/512 441/227/441
f 511/211/511 582/212/582 583/229/583 512/228/512
f 582/212/582 653/213/653 654/230/654 583/229/583
f 653/213/653 724/214/724 725/231/725 654/230/654
f 724/214/724 795/215/795 796/232/796 725/231/725
f 795/215/795 866/216/866 867/233/867 796/232/796
f 866/216/866 937/217/937 938/234/938 867/233/867
f 937/217/937 1008/218/1008 1009/235/1009 938/234/938
f 1008/218/1008 1079/219/1079 1080/236/1080 1009/235/1009
f 1079/219/1079 13/220/13 14/237/14 1080/236/1080
f 14/222/14 86/221/86 87/238/87 15/239/15
f 86/221/86 157/223/157 158/240/158 87/238/87
f 157/223/157 228/224/228 229/241/229 158/240/158
f 228/224/228 299/225/299 300/242/300 229/241/229
f 299/225/299 370/226/370 371/243/371 300/242/300
f 370/226/370 441/227/441 442/244/442 371/243/371
f 441/227/441 512/228/512 513/245/513 442/244/442
f 512/228/512 583/229/583 584/246/584 513/245/513
f 583/229/583 654/230/654 655/247/655 584/246/584
f 654/230/654 725/231/725 726/248/726 655/247/655
f 725/231/725 796/232/796 797/249/797 726/248/726
f 796/232/796 867/233/867 868/250/868 797/249/797
f 867/233/867 938/234/938 939/251/939 868/250/868
f 938/234/938 1009/235/1009 1010/252/1010 939/251/939
f 1009/235/1009 1080/236/1080 1081/253/1081 1010/252/1010
f 1080/236/1080 14/237/14 15/254/15 1081/253/1081
f 15/239/15 87/238/87 88/255/88 16/256/16
f 87/238/87 158/240/158 159/257/159 88/255/88
f 158/240/158 229/241/229 230/258/230 159/257/159
f 229/241/229 300/242/300 301/259/301 230/258/230
f 300/242/300 371/243/371 372/260/372 301/259/301
f 371/243/371 442/244/442 443/261/443 372/260/372
f 442/244/442 513/245/513 514/262/514 443/261/443
f 513/245/513 584/246/584 585/263/585 514/262/514
f 584/246/584 655/247/655 656/264/656 585/263/585
f 655/247/655 726/248/726 727/265/727 656/264/656
f 726/248/726 797/249/797 798/266/798 727/265/727
f 797/249/797 868/250/868 869/267/869 798/266/798
f 868/250/868 939/251/939 940/268/940 869/267/869
f 939/251/939 1010/252/1010 1011/269/1011 940/268/940
f 1010/252/1010 1081/253/1081 1082/270/1082 1011/269/1011
f 1081/253/1081 15/254/15 16/271/16 1082/270/1082
f 16/256/16 88/255/88 89/272/89 17/273/17
f 88/255/88 159/257/159 160/274/160 89/272/89
f 159/257/159 230/258/230 231/275/231 160/274/160
f 230/258/230 301/259/301 302/276/302 231/275/231
f 301/259/301 372/260/372 373/277/373 302/276/302
f 372/260/372 443/261/443 444/278/444 373/277/373
f 443/261/443 514/262/514 515/279/515 444/278/444
f 514/262/514 585/263/585 586/280/586 515/279/515
f 585/263/585 656/264/656 657/281/657 586/280/586
f 656/264/656 727/265/727 728/282/728 657/281/657
f 727/265/727 798/266/798 799/283/799 728/282/728
f 798/266/798 869/267/869 870/284/870 799/283/799
f 869/267/869 940/268/940 941/285/941 870/284/870
f 940/268/940 1011/269/1011 1012/286/1012 941/285/941
f 1011/269/1011 1082/270/1082 1083/287/1083 1012/286/1012
f 1082/270/1082 16/271/16 17/288/17 1083/287/1083
f 17/273/17 89/272/89 90/289/90 18/290/18
f 89/272/89 160/274/160 161/291/161 90/289/90
f 160/274/160 231/275/231 232/292/232 161/291/161
f 231/275/231 302/276/302 303/293/303 232/292/232
f 302/276/302 373/277/373 374/294/374 303/293/303
f 373/277/373 444/278/444 445/295/445 374/294/374
f 444/278/444 515/279/515 516/296/516 445/295/445
f 515/279/515 586/280/586 587/297/587 516/296/516
f 586/280/586 657/281/657 658/298/658 587/297/587
f 657/281/657 728/282/728 729/299/729 658/298/658
f 728/282/728 799/283/799 800/300/800 729/299/729
f 799/283/799 870/284/870 871/301/871 800/300/800
f 870/284/870 941/285/941 942/302/942 871/301/871
f 941/285/941 1012/286/1012 1013/303/1013 942/302/942
f 1012/286/1012 1083/287/1083 1084/304/1084 1013/303/1013
f 1083/287/1083 17/288/17 18/305/18 1084/304/1084
f 18/290/18 90/289/90 91/306/91 19/307/19
f 90/289/90 161/291/161 162/308/162 91/306/91
f 161/291/161 232/292/232 233/309/233 162/308/162
f 232/292/232 303/293/303 304/310/304 233/309/233
f 303/293/303 374/294/374 375/311/375 304/310/304
f 374/294/374 445/295/445 446/312/446 375/311/375
f 445/295/445 516/296/516 517/313/517 446/312/446
f 516/296/516 587/297/587 588/314/588 517/313/517
f 587/297/587 658/298/658 659/315/659 588/314/588
f 658/298/658 729/299/729 730/316/730 659/315/659
f 729/299/729 800/300/800 801/317/801 730/316/730
f 800/300/800 871/301/871 872/318/872 801/317/801
f 871/301/871 942/302/942 943/319/943 872/318/872
f 942/302/942 1013/303/1013 1014/320/1014 943/319/943
f 1013/303/1013 1084/304/1084 1085/321/1085 1014/320/1014
f 1084/304/1084 18/305/18 19/322/19 1085/321/1085
f 19/307/19 91/306/91 92/323/92 20/324/20
f 91/306/91 162/308/162 163/325/163 92/323/92
f 162/308/162 233/309/233 234/326/234 163/325/163
f 233/309/233 304/310/304 305/327/305 234/326/234
f 304/310/304 375/311/375 376/328/376 305/327/305
f 375/311/375 446/312/446 447/329/447 376/328/376
f 446/312/446 517/313/517 518/330/518 447/329/447
f 517/313/517 588/314/588 589/331/589 518/330/518
f 588/314/588 659/315/659 660/332/660 589/331/589
f 659/315/659 730/316/730 731/333/731 660/332/660
f 730/316/730 801/317/801 802/334/802 731/333/731
f 801/317/801 872/318/872 873/335/873 802/334/802
f 872/318/872 943/319/943 944/336/944 873/335/873
f 943/319/943 1014/320/1014 1015/337/1015 944/336/944
f 1014/320/1014 1085/321/1085 1086/338/1086 1015/337/1015
f 1085/321/1085 19/322/19 20/339/20 1086/338/1086
f 20/324/20 92/323/92 93/340/93 21/341/21
f 92/323/92 163/325/163 164/342/164 93/340/93
f 163/325/163 234/326/234 235/343/235 164/342/164
f 234/326/234 305/327/305 306/344/306 235/343/235
f 305/327/305 376/328/376 377/345/377 306/344/306
f 376/328/376 447/329/447 448/346/448 377/345/377
f 447/329/447 518/330/518 519/347/519 448/346/448
f 518/330/518 589/331/589 590/348/590 519/347/519
f 589/331/589 660/332/660 661/349/661 590/348/590
f 660/332/660 731/333/731 732/350/732 661/349/661
f 731/333/731 802/334/802 803/351/803 732/350/732
f 802/334/802 873/335/873 874/352/874 803/351/803
f 873/335/873 944/336/944 945/353/945 874/352/874
f 944/336/944 1015/337/1015 1016/354/1016 945/353/945
f 1015/337/1015 1086/338/1086 1087/355/1087 1016/354/1016
f 1086/338/1086 20/339/20 21/356/21 1087/355/1087
f 21/341/21 93/340/93 94/357/94 22/358/22
f 93/340/93 164/342/164 165/359/165 94/357/94
f 164/342/164 235/343/235 236/360/236 165/359/165
f 235/343/235 306/344/306 307/361/307 236/360/236
f 306/344/306 377/345/377 378/362/378 307/361/307
f 377/345/377 448/346/448 449/363/449 378/362/378
f 448/346/448 519/347/519 520/364/520 449/363/449
f 519/347/519 590/348/590 591/365/591 520/364/520
f 590/348/590 661/349/661 662/366/662 591/365/591
f 661/349/661 732/350/732 733/367/733 662/366/662
f 732/350/732 803/351/803 804/368/804 733/367/733
f 803/351/803 874/352/874 875/369/875 804/368/804
f 874/352/874 945/353/945 946/370/946 875/369/875
f 945/353/945 1016/354/1016 1017/371/1017 946/370/946
f 1016/354/1016 1087/355/1087 1088/372/1088 1017/371/1017
f 1087/355/1087 21/356/21 22/373/22 1088/372/1088
f 22/358/22 94/357/94 95/374/95 23/375/23
f 94/357/94 165/359/165 166/376/166 95/374/95
f 165/359/165 236/360/236 237/377/237 166/376/166
f 236/360/236 307/361/307 308/378/308 237/377/237
f 307/361/307 378/362/378 379/379/379 308/378/308
f 378/362/378 449/363/449 450/380/450 379/379/379
f 449/363/449 520/364/520 521/381/521 450/380/450
f 520/364/520 591/365/591 592/382/592 521/381/521
f 591/365/591 662/366/662 663/383/663 592/382/592
f 662/366/662 733/367/733 734/384/734 663/383/663
f 733/367/733 804/368/804 805/385/805 734/384/734
f 804/368/804 875/369/875 876/386/876 805/385/805
f 875/369/875 946/370/946 947/387/947 876/386/876
f 946/370/946 1017/371/1017 1018/388/1018 947/387/947
f 1017/371/1017 1088/372/1088 1089/389/1089 1018/388/1018
f 1088/372/1088 22/373/22 23/390/23 1089/389/1089
f 23/375/23 95/374/95 96/391/96 24/392/24
f 95/374/95 166/376/166 167/393/167 96/391/96
f 166/376/166 237/377/237 238/394/238 167/393/167
f 237/377/237 308/378/308 309/395/309 238/394/238
f 308/378/308 379/379/379 380/396/380 309/395/309
f 379/379/379 450/380/450 451/397/451 380/396/380
f 450/380/450 521/381/521 522/398/522 451/397/451
f 521/381/521 592/382/592 593/399/593 522/398/522
f 592/382/592 663/383/663 664/400/664 593/399/593
f 663/383/663 734/384/734 735/401/735 664/400/664
f 734/384/734 805/385/805 806/402/806 735/401/735
f 805/385/805 876/386/876 877/403/877 806/402/806
f 876/386/876 947/387/947 948/404/948 877/403/877
f 947/387/947 1018/388/1018 1019/405/1019 948/404/948
f 1018/388/1018 1089/389/1089 1090/406/1090 1019/405/1019
f 1089/389/1089 23/390/23 24/407/24 1090/406/1090
f 24/392/24 96/391/96 97/408/97 25/409/25
f 96/391/96 167/393/167 168/410/168 97/408/97
f 167/393/167 238/394/238 239/411/239 168/410/168
f 238/394/238 309/395/309 310/412/310 239/411/239
f 309/395/309 380/396/380 381/413/381 310/412/310
f 380/396/380 451/397/451 452/414/452 381/413/381
f 451/397/451 522/398/522 523/415/523 452/414/452
f 522/398/522 593/399/593 594/416/594 523/415/523
f 593/399/593 664/400/664 665/417/665 594/416/594
f 664/400/664 735/401/735 736/418/736 665/417/665
f 735/401/735 806/402/806 807/419/807 736/418/736
f 806/402/806 877/403/877 878/420/878 807/419/807
f 877/403/877 948/404/948 949/421/949 878/420/878
f 948/404/948 1019/405/1019 1020/422/1020 949/421/949
f 1019/405/1019 1090/406/1090 1091/423/1091 1020/422/1020
f 1090/406/1090 24/407/24 25/424/25 1091/423/1091
f 25/409/25 97/408/97 98/425/98 26/426/26
f 97/408/97 168/410/168 169/427/169 98/425/98
f 168/410/168 239/411/239 240/428/240 169/427/169
f 239/411/239 310/412/310 311/429/311 240/428/240
f 310/412/310 381/413/381 382/430/382 311/429/311
f 381/413/381 452/414/452 453/431/453 382/430/382
f 452/414/452 523/415/523 524/432/524 453/431/453
f 523/415/523 594/416/594 595/433/595 524/432/524
f 594/416/594 665/417/665 666/434/666 595/433/595
f 665/417/665 736/418/736 737/435/737 666/434/666
f 736/418/736 807/419/807 808/436/808 737/435/737
f 807/419/807 878/420/878 879/437/879 808/436/808
f 878/420/878 949/421/949 950/438/950 879/437/879
f 949/421/949 1020/422/1020 1021/439/1021 950/438/950
f 1020/422/1020 1091/423/1091 1092/440/1092 1021/439/1021
f 1091/423/1091 25/424/25 26/441/26 1092/440/1092
f 26/426/26 98/425/98 99/442/99 27/443/27
f 98/425/98 169/427/169 170/444/170 99/442/99
f 169/427/169 240/428/240 241/445/241 170/444/170
f 240/428/240 311/429/311 312/446/312 241/445/241
f 311/429/311 382/430/382 383/447/383 312/446/312
f 382/430/382 453/431/453 454/448/454 383/447/383
f 453/431/453 524/432/524 525/449/525 454/448/454
f 524/432/524 595/433/595 596/450/596 525/449/525
f 595/433/595 666/434/666 667/451/667 596/450/596
f 666/434/666 737/435/737 738/452/738 667/451/667
f 737/435/737 808/436/808 809/453/809 738/452/738
f 808/436/808 879/437/879 880/454/880 809/453/809
f 879/437/879 950/438/950 951/455/951 880/454/880
f 950/438/950 1021/439/1021 1022/456/1022 951/455/951
f 1021/439/1021 1092/440/1092 1093/457/1093 1022/456/1022
f 1092/440/1092 26/441/26 27/458/27 1093/457/1093
f 27/443/27 99/442/99 100/459/100 28/460/28
f 99/442/99 170/444/170 171/461/171 100/459/100
f 170/444/170 241/445/241 242/462/242 171/461/171
f 241/445/241 312/446/312 313/463/313 242/462/242
f 312/446/312 383/447/383 384/464/384 313/463/313
f 383/447/383 454/448/454 455/465/455 384/464/384
f 454/448/454 525/449/525 526/466/526 455/465/455
f 525/449/525 596/450/596 597/467/597 526/466/526
f 596/450/596 667/451/667 668/468/668 597/467/597
f 667/451/667 738/452/738 739/469/739 668/468/668
f 738/452/738 809/453/809 810/470/810 739/469/739
f 809/453/809 880/454/880 881/471/881 810/470/810
f 880/454/880 951/455/951 952/472/952 881/471/881
f 951/455/951 1022/456/1022 1023/473/1023 952/472/952
f 1022/456/1022 1093/457/1093 1094/474/1094 1023/473/1023
f 1093/457/1093 27/458/27 28/475/28 1094/474/1094
f 28/460/28 100/459/100 101/476/101 29/477/29
f 100/459/100 171/461/171 172/478/172 101/476/101
f 171/461/171 242/462/242 243/479/243 172/478/172
f 242/462/242 313/463/313 314/480/314 243/479/243
f 313/463/313 384/464/384 385/481/385 314/480/314
f 384/464/384 455/465/455 456/482/456 385/481/385
f 455/465/455 526/466/526 527/483/527 456/482/456
f 526/466/526 597/467/597 598/484/598 527/483/527
f 597/467/597 668/468/668 669/485/669 598/484/598
f 668/468/668 739/469/739 740/486/740 669/485/669
f 739/469/739 810/470/810 811/487/811 740/486/740
f 810/470/810 881/471/881 882/488/882 811/487/811
f 881/471/881 952/472/952 953/489/953 882/488/882
f 952/472/952 1023/473/1023 1024/490/1024 953/489/953
f 1023/473/1023 1094/474/1094 1095/491/1095 1024/490/1024
f 1094/474/1094 28/475/28 29/492/29 1095/491/1095
f 29/477/29 101/476/101 102/493/102 30/494/30
f 101/476/101 172/478/172 173/495/173 102/493/102
f 172/478/172 243/479/243 244/496/244 173/495/173
f 243/479/243 314/480/314 315/497/315 244/496/244
f 314/480/314 385/481/385 386/498/386 315/497/315
f 385/481/385 456/482/456 457/499/457 386/498/386
f 456/482/456 527/483/527 528/500/528 457/499/457
f 527/483/527 598/484/598 599/501/599 528/500/528
f 598/484/598 669/485/669 670/502/670 599/501/599
f 669/485/669 740/486/740 741/503/741 670/502/670
f 740/486/740 811/487/811 812/504/812 741/503/741
f 811/487/811 882/488/882 883/505/883 812/504/812
f 882/488/882 953/489/953 954/506/954 883/505/883
f 953/489/953 1024/490/1024 1025/507/1025 954/506/954
f 1024/490/1024 1095/491/1095 1096/508/1096 1025/507/1025
f 1095/491/1095 29/492/29 30/509/30 1096/508/1096
f 30/494/30 102/493/102 103/510/103 31/511/31
f 102/493/102 173/495/173 174/512/174 103/510/103
f 173/495/173 244/496/244 245/513/245 174/512/174
f 244/496/244 315/497/315 316/514/316 245/513/245
f 315/497/315 386/498/386 387/515/387 316/514/316
f 386/498/386 457/499/457 458/516/458 387/515/387
f 457/499/457 528/500/528 529/517/529 458/516/458
f 528/500/528 599/501/599 600/518/600 529/517/529
f 599/501/599 670/502/670 671/519/671 600/518/600
f 670/502/670 741/503/741 742/520/742 671/519/671
f 741/503/741 812/504/812 813/521/813 742/520/742
f 812/504/812 883/505/883 884/522/884 813/521/813
f 883/505/883 954/506/954 955/523/955 884/522/884
f 954/506/954 1025/507/1025 1026/524/1026 955/523/955
f 1025/507/1025 1096/508/1096 1097/525/1097 1026/524/1026
f 1096/508/1096 30/509/30 31/526/31 1097/525/1097
f 31/511/31 103/510/103 104/527/104 32/528/32
f 103/510/103 174/512/174 175/529/175 104/527/104
f 174/512/174 245/513/245 246/530/246 175/529/175
f 245/513/245 316/514/316 317/531/317 246/530/246
f 316/514/316 387/515/387 388/532/388 317/531/317
f 387/515/387 458/516/458 459/533/459 388/532/388
f 458/516/458 529/517/529 530/534/530 459/533/459
f 529/517/529 600/518/600 601/535/601 530/534/530
f 600/518/600 671/519/671 672/536/672 601/535/601
f 671/519/671 742/520/742 743/537/743 672/536/672
f 742/520/742 813/521/813 814/538/814 743/537/743
f 813/521/813 884/522/884 885/539/885 814/538/814
f 884/522/884 955/523/955 956/540/956 885/539/885
f 955/523/955 1026/524/1026 1027/541/1027 956/540/956
f 1026/524/1026 1097/525/1097 1098/542/1098 1027/541/1027
f 1097/525/1097 31/526/31 32/543/32 1098/542/1098
f 32/528/32 104/527/104 105/544/105 33/545/33
f 104/527/104 175/529/175 176/546/176 105/544/105
f 175/529/175 246/530/246 247/547/247 176/546/176
f 246/530/246 317/531/317 318/548/318 247/547/247
f 317/531/317 388/532/388 389/549/389 318/548/318
f 388/532/388 459/533/459 460/550/460 389/549/389
f 459/533/459 530/534/530 531/551/531 460/550/460
f 530/534/530 601/535/601 602/552/602 531/551/531
f 601/535/601 672/536/672 673/553/673 602/552/602
f 672/536/672 743/537/743 744/554/744 673/553/673
f 743/537/743 814/538/814 815/555/815 744/554/744
f 814/538/814 885/539/885 886/556/886 815/555/815
f 885/539/885 956/540/956 957/557/957 886/556/886
f 956/540/956 1027/541/1027 1028/558/1028 957/557/957
f 1027/541/1027 1098/542/1098 1099/559/1099 1028/558/1028
f 1098/542/1098 32/543/32 33/560/33 1099/559/1099
f 33/545/33 105/544/105 106/561/106 34/562/34
f 105/544/105 176/546/176 177/563/177 106/561/106
f 176/546/176 247/547/247 248/564/248 177/563/177
f 247/547/247 318/548/318 319/565/319 248/564/248
f 318/548/318 389/549/389 390/566/390 319/565/319
f 389/549/389 460/550/460 461/567/461 390/566/390
f 460/550/460 531/551/531 532/568/532 461/567/461
f 531/551/531 602/552/602 603/569/603 532/568/532
f 602/552/602 673/553/673 674/570/674 603/569/603
f 673/553/673 744/554/744 745/571/745 674/570/674
f 744/554/744 815/555/815 816/572/816 745/571/745
f 815/555/815 886/556/886 887/573/887 816/572/816
f 886/556/886 957/557/957 958/574/958 887/573/887
f 957/557/957 1028/558/1028 1029/575/1029 958/574/958
f 1028/558/1028 1099/559/1099 1100/576/1100 1029/575/1029
f 1099/559/1099 33/560/33 34/577/34 1100/576/1100
f 34/562/34 106/561/106 107/578/107 35/579/35
f 106/561/106 177/563/177 178/580/178 107/578/107
f 177/563/177 248/564/248 249/581/249 178/580/178
f 248/564/248 319/565/319 320/582/320 249/581/249
f 319/565/319 390/566/390 391/583/391 320/582/320
f 390/566/390 461/567/461 462/584/462 391/583/391
f 461/567/461 532/568/532 533/585/533 462/584/462
f 532/568/532 603/569/603 604/586/604 533/585/533
f 603/569/603 674/570/674 675/587/675 604/586/604
f 674/570/674 745/571/745 746/588/746 675/587/675
f 745/571/745 816/572/816 817/589/817 746/588/746
f 816/572/816 887/573/887 888/590/888 817/589/817
f 887/573/887 958/574/958 959/591/959 888/590/888
f 958/574/958 1029/575/1029 1030/592/1030 959/591/959
f 1029/575/1029 1100/576/1100 1101/593/1101 1030/592/1030
f 1100/576/1100 34/577/34 35/594/35 1101/593/1101
f 35/579/35 107/578/107 108/595/108 36/596/36
f 107/578/107 178/580/178 179/597/179 108/595/108
f 178/580/178 249/581/249 250/598/250 179/597/179
f 249/581/249 320/582/320 321/599/321 250/598/250
f 320/582/320 391/583/391 392/600/392 321/599/321
f 391/583/391 462/584/462 463/601/463 392/600/392
f 462/584/462 533/585/533 534/602/534 463/601/463
f 533/585/533 604/586/604 605/603/605 534/602/534
f 604/586/604 675/587/675 676/604/676 605/603/605
f 675/587/675 746/588/746 747/605/747 676/604/676
f 746/588/746 817/589/817 818/606/818 747/605/747
f 817/589/817 888/590/888 889/607/889 818/606/818
f 888/590/888 959/591/959 960/608/960 889/607/889
f 959/591/959 1030/592/1030 1031/609/1031 960/608/960
f 1030/592/1030 1101/593/1101 1102/610/1102 1031/609/1031
f 1101/593/1101 35/594/35 36/611/36 1102/610/1102
f 36/596/36 108/595/108 109/612/109 37/613/37
f 108/595/108 179/597/179 180/614/180 109/612/109
f 179/597/179 250/598/250 251/615/251 180/614/180
f 250/598/250 321/599/321 322/616/322 251/615/251
f 321/599/321 392/600/392 393/617/393 322/616/322
f 392/600/392 463/601/463 464/618/464 393/617/393
f 463/601/463 534/602/534 535/619/535 464/618/464
f 534/602/534 605/603/605 606/620/606 535/619/535
f 605/603/605 676/604/676 677/621/677 606/620/606
f 676/604/676 747/605/747 748/622/748 677/621/677
f 747/605/747 818/606/818 819/623/819 748/622/748
f 818/606/818 889/607/889 890/624/890 819/623/819
f 889/607/889 960/608/960 961/625/961 890/624/890
f 960/608/960 1031/609/1031 1032/626/1032 961/625/961
f 1031/609/1031 1102/610/1102 1103/627/1103 1032/626/1032
f 1102/610/1102 36/611/36 37/628/37 1103/627/1103
f 37/613/37 109/612/109 110/629/110 38/630/38
f 109/612/109 180/614/180 181/631/181 110/629/110
f 180/614/180 251/615/251 252/632/252 181/631/181
f 251/615/251 322/616/322 323/633/323 252/632/252
f 322/616/322 393/617/393 394/634/394 323/633/323
f 393/617/393 464/618/464 465/635/465 394/634/394
f 464/618/464 535/619/535 536/636/536 465/635/465
f 535/619/535 606/620/606 607/637/607 536/636/536
f 606/620/606 677/621/677 678/638/678 607/637/607
f 677/621/677 748/622/748 749/639/749 678/638/678
f 748/622/748 819/623/819 820/640/820 749/639/749
f 819/623/819 890/624/890 891/641/891 820/640/820
f 890/624/890 961/625/961 962/642/962 891/641/891
f 961/625/961 1032/626/1032 1033/643/1033 962/642/962
f 1032/626/1032 1103/627/1103 1104/644/1104 1033/643/1033
f 1103/627/1103 37/628/37 38/645/38 1104/644/1104
f 38/630/38 110/629/110 111/646/111 39/647/39
f 110/629/110 181/631/181 182/648/182 111/646/111
f 181/631/181 252/632/252 253/649/253 182/648/182
f 252/632/252 323/633/323 324/650/324 253/649/253
f 323/633/323 394/634/394 395/651/395 324/650/324
f 394/634/394 465/635/465 466/652/466 395/651/395
f 465/635/465 536/636/536 537/653/537 466/652/466
f 536/636/536 607/637/607 608/654/608 537/653/537
f 607/637/607 678/638/678 679/655/679 608/654/608
f 678/638/678 749/639/749 750/656/750 679/655/679
f 749/639/749 820/640/820 821/657/821 750/656/750
f 820/640/820 891/641/891 892/658/892 821/657/821
f 891/641/891 962/642/962 963/659/963 892/658/892
f 962/642/962 1033/643/1033 1034/660/1034 963/659/963
f 1033/643/1033 1104/644/1104 1105/661/1105 1034/660/1034
f 1104/644/1104 38/645/38 39/662/39 1105/661/1105
f 39/647/39 111/646/111 112/663/112 40/664/40
f 111/646/111 182/648/182 183/665/183 112/663/112
f 182/648/182 253/649/253 254/666/254 183/665/183
f 253/649/253 324/650/324 325/667/325 254/666/254
f 324/650/324 395/651/395 396/668/396 325/667/325
f 395/651/395 466/652/466 467/669/467 396/668/396
f 466/652/466 537/653/537 538/670/538 467/669/467
f 537/653/537 608/654/608 609/671/609 538/670/538
f 608/654/608 679/655/679 680/672/680 609/671/609
f 679/655/679 750/656/750 751/673/751 680/672/680
f 750/656/750 821/657/821 822/674/822 751/673/751
f 821/657/821 892/658/892 893/675/893 822/674/822
f 892/658/892 963/659/963 964/676/964 893/675/893
f 963/659/963 1034/660/1034 1035/677/1035 964/676/964
f 1034/660/1034 1105/661/1105 1106/678/1106 1035/677/1035
f 1105/661/1105 39/662/39 40/679/40 1106/678/1106
f 40/664/40 112/663/112 113/680/113 41/681/41
f 112/663/112 183/665/183 184/682/184 113/680/113
f 183/665/183 254/666/254 255/683/255 184/682/184
f 254/666/254 325/667/325 326/684/326 255/683/255
f 325/667/325 396/668/396 397/685/397 326/684/326
f 396/668/396 467/669/467 468/686/468 397/685/397
f 467/669/467 538/670/538 539/687/539 468/686/468
f 538/670/538 609/671/609 610/688/610 539/687/539
f 609/671/609 680/672/680 681/689/681 610/688/610
f 680/672/680 751/673/751 752/690/752 681/689/681
f 751/673/751 822/674/822 823/691/823 752/690/752
f 822/674/822 893/675/893 894/692/894 823/691/823
f 893/675/893 964/676/964 965/693/965 894/692/894
f 964/676/964 1035/677/1035 1036/694/1036 965/693/965
f 1035/677/1035 1106/678/1106 1107/695/1107 1036/694/1036
f 1106/678/1106 40/679/40 41/696/41 1107/695/1107
f 41/681/41 113/680/113 114/697/114 42/698/42
f 113/680/113 184/682/184 185/699/185 114/697/114
f 184/682/184 255/683/255 256/700/256 185/699/185
f 255/683/255 326/684/326 327/701/327 256/700/256
f 326/684/326 397/685/397 398/702/398 327/701/327
f 397/685/397 468/686/468 469/703/469 398/702/398
f 468/686/468 539/687/539 540/704/540 469/703/469
f 539/687/539 610/688/610 611/705/611 540/704/540
f 610/688/610 681/689/681 682/706/682 611/705/611
f 681/689/681 752/690/752 753/707/753 682/706/682
f 752/690/752 823/691/823 824/708/824 753/707/753
f 823/691/823 894/692/894 895/709/895 824/708/824
f 894/692/894 965/693/965 966/710/966 895/709/895
f 965/693/965 1036/694/1036 1037/711/1037 966/710/966
f 1036/694/1036 1107/695/1107 1108/712/1108 1037/711/1037
f 1107/695/1107 41/696/41 42/713/42 1108/712/1108
f 42/698/42 114/697/114 115/714/115 43/715/43
f 114/697/114 185/699/185 186/716/186 115/714/115
f 185/699/185 256/700/256 257/717/257 186/716/186
f 256/700/256 327/701/327 328/718/328 257/717/257
f 327/701/327 398/702/398 399/719/399 328/718/328
f 398/702/398 469/703/469 470/720/470 399/719/399
f 469/703/469 540/704/540 541/721/541 470/720/470
f 540/704/540 611/705/611 612/722/612 541/721/541
f 611/705/611 682/706/682 683/723/683 612/722/612
f 682/706/682 753/707/753 754/724/754 683/723/683
f 753/707/753 824/708/824 825/725/825 754/724/754
f 824/708/824 895/709/895 896/726/896 825/725/825
f 895/709/895 966/710/966 967/727/967 896/726/896
f 966/710/966 1037/711/1037 1038/728/1038 967/727/967
f 1037/711/1037 1108/712/1108 1109/729/1109 1038/728/1038
f 1108/712/1108 42/713/42 43/730/43 1109/729/1109
f 43/715/43 115/714/115 116/731/116 44/732/44
f 115/714/115 186/716/186 187/733/187 116/731/116
f 186/716/186 257/717/257 258/734/258 187/733/187
f 257/717/257 328/718/328 329/735/329 258/734/258
f 328/718/328 399/719/399 400/736/400 329/735/329
f 399/719/399 470/720/470 471/737/471 400/736/400
f 470/720/470 541/721/541 542/738/542 471/737/471
f 541/721/541 612/722/612 613/739/613 542/738/542
f 612/722/612 683/723/683 684/740/684 613/739/613
f 683/723/683 754/724/754 755/741/755 684/740/684
f 754/724/754 825/725/825 826/742/826 755/741/755
f 825/725/825 896/726/896 897/743/897 826/742/826
f 896/726/896 967/727/967 968/744/968 897/743/897
f 967/727/967 1038/728/1038 1039/745/1039 968/744/968
f 1038/728/1038 1109/729/1109 1110/746/1110 1039/745/1039
f 1109/729/1109 43/730/43 44/747/44 1110/746/1110
f 44/732/44 116/731/116 117/748/117 45/749/45
f 116/731/116 187/733/187 188/750/188 117/748/117
f 187/733/187 258/734/258 259/751/259 188/750/188
f 258/734/258 329/735/329 330/752/330 259/751/259
f 329/735/329 400/736/400 401/753/401 330/752/330
f 400/736/400 471/737/471 472/754/472 401/753/401
f 471/737/471 542/738/542 543/755/543 472/754/472
f 542/738/542 613/739/613 614/756/614 543/755/543
f 613/739/613 684/740/684 685/757/685 614/756/614
f 684/740/684 755/741/755 756/758/756 685/757/685
f 755/741/755 826/742/826 827/759/827 756/758/756
f 826/742/826 897/743/897 898/760/898 827/759/827
f 897/743/897 968/744/968 969/761/969 898/760/898
f 968/744/968 1039/745/1039 1040/762/1040 969/761/969
f 1039/745/1039 1110/746/1110 1111/763/1111 1040/762/1040
f 1110/746/1110 44/747/44 45/764/45 1111/763/1111
f 45/749/45 117/748/117 118/765/118 46/766/46
f 117/748/117 188/750/188 189/767/189 118/765/118
f 188/750/188 259/751/259 260/768/260 189/767/189
f 259/751/259 330/752/330 331/769/331 260/768/260
f 330/752/330 401/753/401 402/770/402 331/769/331
f 401/753/401 472/754/472 473/771/473 402/770/402
f 472/754/472 543/755/543 544/772/544 473/771/473
f 543/755/543 614/756/614 615/773/615 544/772/544
f 614/756/614 685/757/685 686/774/686 615/773/615
f 685/757/685 756/758/756 757/775/757 686/774/686
f 756/758/756 827/759/827 828/776/828 757/775/757
f 827/759/827 898/760/898 899/777/899 828/776/828
f 898/760/898 969/761/969 970/778/970 899/777/899
f 969/761/969 1040/762/1040 1041/779/1041 970/778/970
f 1040/762/1040 1111/763/1111 1112/780/1112 1041/779/1041
f 1111/763/1111 45/764/45 46/781/46 1112/780/1112
f 46/766/46 118/765/118 119/782/119 47/783/47
f 118/765/118 189/767/189 190/784/190 119/782/119
f 189/767/189 260/768/260 261/785/261 190/784/190
f 260/768/260 331/769/331 332/786/332 261/785/261
f 331/769/331 402/770/402 403/787/403 332/786/332
f 402/770/402 473/771/473 474/788/474 403/787/403
f 473/771/473 544/772/544 545/789/545 474/788/474
f 544/772/544 615/773/615 616/790/616 545/789/545
f 615/773/615 686/774/686 687/791/687 616/790/616
f 686/774/686 757/775/757 758/792/758 687/791/687
f 757/775/757 828/776/828 829/793/829 758/792/758
f 828/776/828 899/777/899 900/794/900 829/793/829
f 899/777/899 970/778/970 971/795/971 900/794/900
f 970/778/970 1041/779/1041 1042/796/1042 971/795/971
f 1041/779/1041 1112/780/1112 1113/797/1113 1042/796/1042
f 1112/780/1112 46/781/46 47/798/47 1113/797/1113
f 47/783/47 119/782/119 120/799/120 48/800/48
f 119/782/119 190/784/190 191/801/191 120/799/120
f 190/784/190 261/785/261 262/802/262 191/801/191
f 261/785/261 332/786/332 333/803/333 262/802/262
f 332/786/332 403/787/403 404/804/404 333/803/333
f 403/787/403 474/788/474 475/805/475 404/804/404
f 474/788/474 545/789/545 546/806/546 475/805/475
f 545/789/545 616/790/616 617/807/617 546/806/546
f 616/790/616 687/791/687 688/808/688 617/807/617
f 687/791/687 758/792/758 759/809/759 688/808/688
f 758/792/758 829/793/829 830/810/830 759/809/759
f 829/793/829 900/794/900 901/811/901 830/810/830
f 900/794/900 971/795/971 972/812/972 901/811/901
f 971/795/971 1042/796/1042 1043/813/1043 972/812/972
f 1042/796/1042 1113/797/1113 1114/814/1114 1043/813/1043
f 1113/797/1113 47/798/47 48/815/48 1114/814/1114
f 48/800/48 120/799/120 121/816/121 49/817/49
f 120/799/120 191/801/191 192/818/192 121/816/121
f 191/801/191 262/802/262 263/819/263 192/818/192
f 262/802/262 333/803/333 334/820/334 263/819/263
f 333/803/333 404/804/404 405/821/405 334/820/334
f 404/804/404 475/805/475 476/822/476 405/821/405
f 475/805/475 546/806/546 547/823/547 476/822/476
f 546/806/546 617/807/617 618/824/618 547/823/547
f 617/807/617 688/808/688 689/825/689 618/824/618
f 688/808/688 759/809/759 760/826/760 689/825/689
f 759/809/759 830/810/830 831/827/831 760/826/760
f 830/810/830 901/811/901 902/828/902 831/827/831
f 901/811/901 972/812/972 973/829/973 902/828/902
f 972/812/972 1043/813/1043 1044/830/1044 973/829/973
f 1043/813/1043 1114/814/1114 1115/831/1115 1044/830/1044
f 1114/814/1114 48/815/48 49/832/49 1115/831/1115
f 49/817/49 121/816/121 122/833/122 50/834/50
f 121/816/121 192/818/192 193/835/193 122/833/122
f 192/818/192 263/819/263 264/836/264 193/835/193
f 263/819/263 334/820/334 335/837/335 264/836/264
f 334/820/334 405/821/405 406/838/406 335/837/335
f 405/821/405 476/822/476 477/839/477 406/838/406
f 476/822/476 547/823/547 548/840/548 477/839/477
f 547/823/547 618/824/618 619/841/619 548/840/548
f 618/824/618 689/825/689 690/842/690 619/841/619
f 689/825/689 760/826/760 761/843/761 690/842/690
f 760/826/760 831/827/831 832/844/832 761/843/761
f 831/827/831 902/828/902 903/845/903 832/844/832
f 902/828/902 973/829/973 974/846/974 903/845/903
f 973/829/973 1044/830/1044 1045/847/1045 974/846/974
f 1044/830/1044 1115/831/1115 1116/848/1116 1045/847/1045
f 1115/831/1115 49/832/49 50/849/50 1116/848/1116
f 50/834/50 122/833/122 123/850/123 51/851/51
f 122/833/122 193/835/193 194/852/194 123/850/123
f 193/835/193 264/836/264 265/853/265 194/852/194
f 264/836/264 335/837/335 336/854/336 265/853/265
f 335/837/335 406/838/406 407/855/407 336/854/336
f 406/838/406 477/839/477 478/856/478 407/855/407
f 477/839/477 548/840/548 549/857/549 478/856/478
f 548/840/548 619/841/619 620/858/620 549/857/549
f 619/841/619 690/842/690 691/859/691 620/858/620
f 690/842/690 761/843/761 762/860/762 691/859/691
f 761/843/761 832/844/832 833/861/833 762/860/762
f 832/844/832 903/845/903 904/862/904 833/861/833
f 903/845/903 974/846/974 975/863/975 904/862/904
f 974/846/974 1045/847/1045 1046/864/1046 975/863/975
f 1045/847/1045 1116/848/1116 1117/865/1117 1046/864/1046
f 1116/848/1116 50/849/50 51/866/51 1117/865/1117
f 51/851/51 123/850/123 124/867/124 52/868/52
f 123/850/123 194/852/194 195/869/195 124/867/124
f 194/852/194 265/853/265 266/870/266 195/869/195
f 265/853/265 336/854/336 337/871/337 266/870/266
f 336/854/336 407/855/407 408/872/408 337/871/337
f 407/855/407 478/856/478 479/873/479 408/872/408
f 478/856/478 549/857/549 550/874/550 479/873/479
f 549/857/549 620/858/620 621/875/621 550/874/550
f 620/858/620 691/859/691 692/876/692 621/875/621
f 691/859/691 762/860/762 763/877/763 692/876/692
f 762/860/762 833/861/833 834/878/834 763/877/763
f 833/861/833 904/862/904 905/879/905 834/878/834
f 904/862/904 975/863/975 976/880/976 905/879/905
f 975/863/975 1046/864/1046 1047/881/1047 976/880/976
f 1046/864/1046 1117/865/1117 1118/882/1118 1047/881/1047
f 1117/865/1117 51/866/51 52/883/52 1118/882/1118
f 52/868/52 124/867/124 125/884/125 53/885/53
f 124/867/124 195/869/195 196/886/196 125/884/125
f 195/869/195 266/870/266 267/887/267 196/886/196
f 266/870/266 337/871/337 338/888/338 267/887/267
f 337/871/337 408/872/408 409/889/409 338/888/338
f 408/872/408 479/873/479 480/890/480 409/889/409
f 479/873/479 550/874/550 551/891/551 480/890/480
f 550/874/550 621/875/621 622/892/622 551/891/551
f 621/875/621 692/876/692 693/893/693 622/892/622
f 692/876/692 763/877/763 764/894/764 693/893/693
f 763/877/763 834/878/834 835/895/835 764/894/764
f 834/878/834 905/879/905 906/896/906 835/895/835
f 905/879/905 976/880/976 977/897/977 906/896/906
f 976/880/976 1047/881/1047 1048/898/1048 977/897/977
f 1047/881/1047 1118/882/1118 1119/899/1119 1048/898/1048
f 1118/882/1118 52/883/52 53/900/53 1119/899/1119
f 53/885/53 125/884/125 126/901/126 54/902/54
f 125/884/125 196/886/196 197/903/197 126/901/126
f 196/886/196 267/887/267 268/904/268 197/903/197
f 267/887/267 338/888/338 339/905/339 268/904/268
f 338/888/338 409/889/409 410/906/410 339/905/339
f 409/889/409 480/890/480 481/907/481 410/906/410
f 480/890/480 551/891/551 552/908/552 481/907/481
f 551/891/551 622/892/622 623/909/623 552/908/552
f 622/892/622 693/893/693 694/910/694 623/909/623
f 693/893/693 764/894/764 765/911/765 694/910/694
f 764/894/764 835/895/835 836/912/836 765/911/765
f 835/895/835 906/896/906 907/913/907 836/912/836
f 906/896/906 977/897/977 978/914/978 907/913/907
f 977/897/977 1048/898/1048 1049/915/1049 978/914/978
f 1048/898/1048 1119/899/1119 1120/916/1120 1049/915/1049
f 1119/899/1119 53/900/53 54/917/54 1120/916/1120
f 54/902/54 126/901/126 127/918/127 55/919/55
f 126/901/126 197/903/197 198/920/198 127/918/127
f 197/903/197 268/904/268 269/921/269 198/920/198
f 268/904/268 339/905/339 340/922/340 269/921/269
f 339/905/339 410/906/410 411/923/411 340/922/340
f 410/906/410 481/907/481 482/924/482 411/923/411
f 481/907/481 552/908/552 553/925/553 482/924/482
f 552/908/552 623/909/623 624/926/624 553/925/553
f 623/909/623 694/910/694 695/927/695 624/926/624
f 694/910/694 765/911/765 766/928/766 695/927/695
f 765/911/765 836/912/836 837/929/837 766/928/766
f 836/912/836 907/913/907 908/930/908 837/929/837
f 907/913/907 978/914/978 979/931/979 908/930/908
f 978/914/978 1049/915/1049 1050/932/1050 979/931/979
f 1049/915/1049 1120/916/1120 1121/933/1121 1050/932/1050
f 1120/916/1120 54/917/54 55/934/55 1121/933/1121
f 55/919/55 127/918/127 128/935/128 56/936/56
f 127/918/127 198/920/198 199/937/199 128/935/128
f 198/920/198 269/921/269 270/938/270 199/937/199
f 269/921/269 340/922/340 341/939/341 270/938/270
f 340/922/340 411/923/411 412/940/412 341/939/341
f 411/923/411 482/924/482 483/941/483 412/940/412
f 482/924/482 553/925/553 554/942/554 483/941/483
f 553/925/553 624/926/624 625/943/625 554/942/554
f 624/926/624 695/927/695 696/944/696 625/943/625
f 695/927/695 766/928/766 767/945/767 696/944/696
f 766/928/766 837/929/837 838/946/838 767/945/767
f 837/929/837 908/930/908 909/947/909 838/946/838
f 908/930/908 979/931/979 980/948/980 909/947/909
f 979/931/979 1050/932/1050 1051/949/1051 980/948/980
f 1050/932/1050 1121/933/1121 1122/950/1122 1051/949/1051
f 1121/933/1121 55/934/55 56/951/56 1122/950/1122
f 56/936/56 128/935/128 129/952/129 57/953/57
f 128/935/128 199/937/199 200/954/200 129/952/129
f 199/937/199 270/938/270 271/955/271 200/954/200
f 270/938/270 341/939/341 342/956/342 271/955/271
f 341/939/341 412/940/412 413/957/413 342/956/342
f 412/940/412 483/941/483 484/958/484 413/957/413
f 483/941/483 554/942/554 555/959/555 484/958/484
f 554/942/554 625/943/625 626/960/626 555/959/555
f 625/943/625 696/944/696 697/961/697 626/960/626
f 696/944/696 767/945/767 768/962/768 697/961/697
f 767/945/767 838/946/838 839/963/839 768/962/768
f 838/946/838 909/947/909 910/964/910 839/963/839
f 909/947/909 980/948/980 981/965/981 910/964/910
f 980/948/980 1051/949/1051 1052/966/1052 981/965/981
f 1051/949/1051 1122/950/1122 1123/967/1123 1052/966/1052
f 1122/950/1122 56/951/56 57/968/57 1123/967/1123
f 57/953/57 129/952/129 130/969/130 58/970/58
f 129/952/129 200/954/200 201/971/201 130/969/130
f 200/954/200 271/955/271 272/972/272 201/971/201
f 271/955/271 342/956/342 343/973/343 272/972/272
f 342/956/342 413/957/413 414/974/414 343/973/343
f 413/957/413 484/958/484 485/975/485 414/974/414
f 484/958/484 555/959/555 556/976/556 485/975/485
f 555/959/555 626/960/626 627/977/627 556/976/556
f 626/960/626 697/961/697 698/978/698 627/977/627
f 697/961/697 768/962/768 769/979/769 698/978/698
f 768/962/768 839/963/839 840/980/840 769/979/769
f 839/963/839 910/964/910 911/981/911 840/980/840
f 910/964/910 981/965/981 982/982/982 911/981/911
f 981/965/981 1052/966/1052 1053/983/1053 982/982/982
f 1052/966/1052 1123/967/1123 1124/984/1124 1053/983/1053
f 1123/967/1123 57/968/57 58/985/58 1124/984/1124
f 58/970/58 130/969/130 131/986/131 59/987/59
f 130/969/130 201/971/201 202/988/202 131/986/131
f 201/971/201 272/972/272 273/989/273 202/988/202
f 272/972/272 343/973/343 344/990/344 273/989/273
f 343/973/343 414/974/414 415/991/415 344/990/344
f 414/974/414 485/975/485 486/992/486 415/991/415
f 485/975/485 556/976/556 557/993/557 486/992/486
f 556/976/556 627/977/627 628/994/628 557/993/557
f 627/977/627 698/978/698 699/995/699 628/994/628
f 698/978/698 769/979/769 770/996/770 699/995/699
f 769/979/769 840/980/840 841/997/841 770/996/770
f 840/980/840 911/981/911 912/998/912 841/997/841
f 911/981/911 982/982/982 983/999/983 912/998/912
f 982/982/982 1053/983/1053 1054/1000/1054 983/999/983
f 1053/983/1053 1124/984/1124 1125/1001/1125 1054/1000/1054
f 1124/984/1124 58/985/58 59/1002/59 1125/1001/1125
f 59/987/59 131/986/131 132/1003/132 60/1004/60
f 131/986/131 202/988/202 203/1005/203 132/1003/132
f 202/988/202 273/989/273 274/1006/274 203/1005/203
f 273/989/273 344/990/344 345/1007/345 274/1006/274
f 344/990/344 415/991/415 416/1008/416 345/1007/345
f 415/991/415 486/992/486 487/1009/487 416/1008/416
f 486/992/486 557/993/557 558/1010/558 487/1009/487
f 557/993/557 628/994/628 629/1011/629 558/1010/558
f 628/994/628 699/995/699 700/1012/700 629/1011/629
f 699/995/699 770/996/770 771/1013/771 700/1012/700
f 770/996/770 841/997/841 842/1014/842 771/1013/771
f 841/997/841 912/998/912 913/1015/913 842/1014/842
f 912/998/912 983/999/983 984/1016/984 913/1015/913
f 983/999/983 1054/1000/1054 1055/1017/1055 984/1016/984
f 1054/1000/1054 1125/1001/1125 1126/1018/1126 1055/1017/1055
f 1125/1001/1125 59/1002/59 60/1019/60 1126/1018/1126
f 60/1004/60 132/1003/132 133/1020/133 61/1021/61
f 132/1003/132 203/1005/203 204/1022/204 133/1020/133
f 203/1005/203 274/1006/274 275/1023/275 204/1022/204
f 274/1006/274 345/1007/345 346/1024/346 275/1023/275
f 345/1007/345 416/1008/416 417/1025/417 346/1024/346
f 416/1008/416 487/1009/487 488/1026/488 417/1025/417
f 487/1009/487 558/1010/558 559/1027/559 488/1026/488
f 558/1010/558 629/1011/629 630/1028/630 559/1027/559
f 629/1011/629 700/1012/700 701/1029/701 630/1028/630
f 700/1012/700 771/1013/771 772/1030/772 701/1029/701
f 771/1013/771 842/1014/842 843/1031/843 772/1030/772
f 842/1014/842 913/1015/913 914/1032/914 843/1031/843
f 913/1015/913 984/1016/984 985/1033/985 914/1032/914
f 984/1016/984 1055/1017/1055 1056/1034/1056 985/1033/985
f 1055/1017/1055 1126/1018/1126 1127/1035/1127 1056/1034/1056
f 1126/1018/1126 60/1019/60 61/1036/61 1127/1035/1127
f 61/1021/61 133/1020/133 134/1037/134 62/1038/62
f 133/1020/133 204/1022/204 205/1039/205 134/1037/134
f 204/1022/204 275/1023/275 276/1040/276 205/1039/205
f 275/1023/275 346/1024/346 347/1041/347 276/1040/276
f 346/1024/346 417/1025/417 418/1042/418 347/1041/347
f 417/1025/417 488/1026/488 489/1043/489 418/1042/418
f 488/1026/488 559/1027/559 560/1044/560 489/1043/489
f 559/1027/559 630/1028/630 631/1045/631 560/1044/560
f 630/1028/630 701/1029/701 702/1046/702 631/1045/631
f 701/1029/701 772/1030/772 773/1047/773 702/1046/702
f 772/1030/772 843/1031/843 844/1048/844 773/1047/773
f 843/1031/843 914/1032/914 915/1049/915 844/1048/844
f 914/1032/914 985/1033/985 986/1050/986 915/1049/915
f 985/1033/985 1056/1034/1056 1057/1051/1057 986/1050/986
f 1056/1034/1056 1127/1035/1127 1128/1052/1128 1057/1051/1057
f 1127/1035/1127 61/1036/61 62/1053/62 1128/1052/1128
f 62/1038/62 134/1037/134 135/1054/135 63/1055/63
f 134/1037/134 205/1039/205 206/1056/206 135/1054/135
f 205/1039/205 276/1040/276 277/1057/277 206/1056/206
f 276/1040/276 347/1041/347 348/1058/348 277/1057/277
f 347/1041/347 418/1042/418 419/1059/419 348/1058/348
f 418/1042/418 489/1043/489 490/1060/490 419/1059/419
f 489/1043/489 560/1044/560 561/1061/561 490/1060/490
f 560/1044/560 631/1045/631 632/1062/632 561/1061/561
f 631/1045/631 702/1046/702 703/1063/703 632/1062/632
f 702/1046/702 773/1047/773 774/1064/774 703/1063/703
f 773/1047/773 844/1048/844 845/1065/845 774/1064/774
f 844/1048/844 915/1049/915 916/1066/916 845/1065/845
f 915/1049/915 986/1050/986 987/1067/987 916/1066/916
f 986/1050/986 1057/1051/1057 1058/1068/1058 987/1067/987
f 1057/1051/1057 1128/1052/1128 1129/1069/1129 1058/1068/1058
f 1128/1052/1128 62/1053/62 63/1070/63 1129/1069/1129
f 63/1055/63 135/1054/135 136/1071/136 64/1072/64
f 135/1054/135 206/1056/206 207/1073/207 136/1071/136
f 206/1056/206 277/1057/277 278/1074/278 207/1073/207
f 277/1057/277 348/1058/348 349/1075/349 278/1074/278
f 348/1058/348 419/1059/419 420/1076/420 349/1075/349
f 419/1059/419 490/1060/490 491/1077/491 420/1076/420
f 490/1060/490 561/1061/561 562/1078/562 491/1077/491
f 561/1061/561 632/1062/632 633/1079/633 562/1078/562
f 632/1062/632 703/1063/703 704/1080/704 633/1079/633
f 703/1063/703 774/1064/774 775/1081/775 704/1080/704
f 774/1064/774 845/1065/845 846/1082/846 775/1081/775
f 845/1065/845 916/1066/916 917/1083/917 846/1082/846
f 916/1066/916 987/1067/987 988/1084/988 917/1083/917
f 987/1067/987 1058/1068/1058 1059/1085/1059 988/1084/988
f 1058/1068/1058 1129/1069/1129 1130/1086/1130 1059/1085/1059
f 1129/1069/1129 63/1070/63 64/1087/64 1130/1086/1130
f 64/1072/64 136/1071/136 137/1088/137 65/1089/65
f 136/1071/136 207/1073/207 208/1090/208 137/1088/137
f 207/1073/207 278/1074/278 279/1091/279 208/1090/208
f 278/1074/278 349/1075/349 350/1092/350 279/1091/279
f 349/1075/349 420/1076/420 421/1093/421 350/1092/350
f 420/1076/420 491/1077/491 492/1094/492 421/1093/421
f 491/1077/491 562/1078/562 563/1095/563 492/1094/492
f 562/1078/562 633/1079/633 634/1096/634 563/1095/563
f 633/1079/633 704/1080/704 705/1097/705 634/1096/634
f 704/1080/704 775/1081/775 776/1098/776 705/1097/705
f 775/1081/775 846/1082/846 847/1099/847 776/1098/776
f 846/1082/846 917/1083/917 918/1100/918 847/1099/847
f 917/1083/917 988/1084/988 989/1101/989 918/1100/918
f 988/1084/988 1059/1085/1059 1060/1102/1060 989/1101/989
f 1059/1085/1059 1130/1086/1130 1131/1103/1131 1060/1102/1060
f 1130/1086/1130 64/1087/64 65/1104/65 1131/1103/1131
f 65/1089/65 137/1088/137 138/1105/138 66/1106/66
f 137/1088/137 208/1090/208 209/1107/209 138/1105/138
f 208/1090/208 279/1091/279 280/1108/280 209/1107/209
f 279/1091/279 350/1092/350 351/1109/351 280/1108/280
f 350/1092/350 421/1093/421 422/1110/422 351/1109/351
f 421/1093/421 492/1094/492 493/1111/493 422/1110/422
f 492/1094/492 563/1095/563 564/1112/564 493/1111/493
f 563/1095/563 634/1096/634 635/1113/635 564/1112/564
f 634/1096/634 705/1097/705 706/1114/706 635/1113/635
f 705/1097/705 776/1098/776 777/1115/777 706/1114/706
f 776/1098/776 847/1099/847 848/1116/848 777/1115/777
f 847/1099/847 918/1100/918 919/1117/919 848/1116/848
f 918/1100/918 989/1101/989 990/1118/990 919/1117/919
f 989/1101/989 1060/1102/1060 1061/1119/1061 990/1118/990
f 1060/1102/1060 1131/1103/1131 1132/1120/1132 1061/1119/1061
f 1131/1103/1131 65/1104/65 66/1121/66 1132/1120/1132
f 66/1106/66 138/1105/138 139/1122/139 67/1123/67
f 138/1105/138 209/1107/209 210/1124/210 139/1122/139
f 209/1107/209 280/1108/280 281/1125/281 210/1124/210
f 280/1108/280 351/1109/351 352/1126/352 281/1125/281
f 351/1109/351 422/1110/422 423/1127/423 352/1126/352
f 422/1110/422 493/1111/493 494/1128/494 423/1127/423
f 493/1111/493 564/1112/564 565/1129/565 494/1128/494
f 564/1112/564 635/1113/635 636/1130/636 565/1129/565
f 635/1113/635 706/1114/706 707/1131/707 636/1130/636
f 706/1114/706 777/1115/777 778/1132/778 707/1131/707
f 777/1115/777 848/1116/848 849/1133/849 778/1132/778
f 848/1116/848 919/1117/919 920/1134/920 849/1133/849
f 919/1117/919 990/1118/990 991/1135/991 920/1134/920
f 990/1118/990 1061/1119/1061 1062/1136/1062 991/1135/991
f 1061/1119/1061 1132/1120/1132 1133/1137/1133 1062/1136/1062
f 1132/1120/1132 66/1121/66 67/1138/67 1133/1137/1133
f 67/1123/67 139/1122/139 140/1139/140 68/1140/68
f 139/1122/139 210/1124/210 211/1141/211 140/1139/140
f 210/1124/210 281/1125/281 282/1142/282 211/1141/211
f 281/1125/281 352/1126/352 353/1143/353 282/1142/282
f 352/1126/352 423/1127/423 424/1144/424 353/1143/353
f 423/1127/423 494/1128/494 495/1145/495 424/1144/424
f 494/1128/494 565/1129/565 566/1146/566 495/1145/495
f 565/1129/565 636/1130/636 637/1147/637 566/1146/566
f 636/1130/636 707/1131/707 708/1148/708 637/1147/637
f 707/1131/707 778/1132/778 779/1149/779 708/1148/708
f 778/1132/778 849/1133/849 850/1150/850 779/1149/779
f 849/1133/849 920/1134/920 921/1151/921 850/1150/850
f 920/1134/920 991/1135/991 992/1152/992 921/1151/921
f 991/1135/991 1062/1136/1062 1063/1153/1063 992/1152/992
f 1062/1136/1062 1133/1137/1133 1134/1154/1134 1063/1153/1063
f 1133/1137/1133 67/1138/67 68/1155/68 1134/1154/1134
f 68/1140/68 140/1139/140 141/1156/141 69/1157/69
f 140/1139/140 211/1141/211 212/1158/212 141/1156/141
f 211/1141/211 282/1142/282 283/1159/283 212/1158/212
f 282/1142/282 353/1143/353 354/1160/354 283/1159/283
f 353/1143/353 424/1144/424 425/1161/425 354/1160/354
f 424/1144/424 495/1145/495 496/1162/496 425/1161/425
f 495/1145/495 566/1146/566 567/1163/567 496/1162/496
f 566/1146/566 637/1147/637 638/1164/638 567/1163/567
f 637/1147/637 708/1148/708 709/1165/709 638/1164/638
f 708/1148/708 779/1149/779 780/1166/780 709/1165/709
f 779/1149/779 850/1150/850 851/1167/851 780/1166/780
f 850/1150/850 921/1151/921 922/1168/922 851/1167/851
f 921/1151/921 992/1152/992 993/1169/993 922/1168/922
f 992/1152/992 1063/1153/1063 1064/1170/1064 993/1169/993
f 1063/1153/1063 1134/1154/1134 1135/1171/1135 1064/1170/1064
f 1134/1154/1134 68/1155/68 69/1172/69 1135/1171/1135
f 69/1157/69 141/1156/141 142/1173/142 70/1174/70
f 141/1156/141 212/1158/212 213/1175/213 142/1173/142
f 212/1158/212 283/1159/283 284/1176/284 213/1175/213
f 283/1159/283 354/1160/354 355/1177/355 284/1176/284
f 354/1160/354 425/1161/425 426/1178/426 355/1177/355
f 425/1161/425 496/1162/496 497/1179/497 426/1178/426
f 496/1162/496 567/1163/567 568/1180/568 497/1179/497
f 567/1163/567 638/1164/638 639/1181/639 568/1180/568
f 638/1164/638 709/1165/709 710/1182/710 639/1181/639
f 709/1165/709 780/1166/780 781/1183/781 710/1182/710
f 780/1166/780 851/1167/851 852/1184/852 781/1183/781
f 851/1167/851 922/1168/922 923/1185/923 852/1184/852
f 922/1168/922 993/1169/993 994/1186/994 923/1185/923
f 993/1169/993 1064/1170/1064 1065/1187/1065 994/1186/994
f 1064/1170/1064 1135/1171/1135 1136/1188/1136 1065/1187/1065
f 1135/1171/1135 69/1172/69 70/1189/70 1136/1188/1136
f 70/1174/70 142/1173/142 143/1190/143 71/1191/71
f 142/1173/142 213/1175/213 214/1192/214 143/1190/143
f 213/1175/213 284/1176/284 285/1193/285 214/1192/214
f 284/1176/284 355/1177/355 356/1194/356 285/1193/285
f 355/1177/355 426/1178/426 427/1195/427 356/1194/356
f 426/1178/426 497/1179/497 498/1196/498 427/1195/427
f 497/1179/497 568/1180/568 569/1197/569 498/1196/498
f 568/1180/568 639/1181/639 640/1198/640 569/1197/569
f 639/1181/639 710/1182/710 711/1199/711 640/1198/640
f 710/1182/710 781/1183/781 782/1200/782 711/1199/711
f 781/1183/781 852/1184/852 853/1201/853 782/1200/782
f 852/1184/852 923/1185/923 924/1202/924 853/1201/853
f 923/1185/923 994/1186/994 995/1203/995 924/1202/924
f 994/1186/994 1065/1187/1065 1066/1204/1066 995/1203/995
f 1065/1187/1065 1136/1188/1136 1137/1205/1137 1066/1204/1066
f 1136/1188/1136 70/1189/70 71/1206/71 1137/1205/1137
f 71/1191/71 143/1190/143 144/1207/144 72/1208/72
f 143/1190/143 214/1192/214 215/1209/215 144/1207/144
f 214/1192/214 285/1193/285 286/1210/286 215/1209/215
f 285/1193/285 356/1194/356 357/1211/357 286/1210/286
f 356/1194/356 427/1195/427 428/1212/428 357/1211/357
f 427/1195/427 498/1196/498 499/1213/499 428/1212/428
f 498/1196/498 569/1197/569 570/1214/570 499/1213/499
f 569/1197/569 640/1198/640 641/1215/641 570/1214/570
f 640/1198/640 711/1199/711 712/1216/712 641/1215/641
f 711/1199/711 782/1200/782 783/1217/783 712/1216/712
f 782/1200/782 853/1201/853 854/1218/854 783/1217/783
f 853/1201/853 924/1202/924 925/1219/925 854/1218/854
f 924/1202/924 995/1203/995 996/1220/996 925/1219/925
f 995/1203/995 1066/1204/1066 1067/1221/1067 996/1220/996
f 1066/1204/1066 1137/1205/1137 1138/1222/1138 1067/1221/1067
f 1137/1205/1137 71/1206/71 72/1223/72 1138/1222/1138
f 72/1208/72 144/1207/144 73/1224/73
f 144/1207/144 215/1209/215 73/1225/73
f 215/1209/215 286/1210/286 73/1226/73
f 286/1210/286 357/1211/357 73/1227/73
f 357/1211/357 428/1212/428 73/1228/73
f 428/1212/428 499/1213/499 73/1229/73
f 499/1213/499 570/1214/570 73/1230/73
f 570/1214/570 641/1215/641 73/1231/73
f 641/1215/641 712/1216/712 73/1232/73
f 712/1216/712 783/1217/783 73/1233/73
f 783/1217/783 854/1218/854 73/1234/73
f 854/1218/854 925/1219/925 73/1235/73
f 925/1219/925 996/1220/996 73/1236/73
f 996/1220/996 1067/1221/1067 73/1237/73
f 1067/1221/1067 1138/1222/1138 73/1238/73
f 1138/1222/1138 72/1223/72 73/1239/73
